author_channel_id,author_handle,comentarios,videos,canales,likes,respuestas
UCHTGCgY2l-DQJIvlA_cpa_Q,@virgiliogarcia3039,3,2,2,14,0
UCdFlugHJJa4l3YqWuNRmvXw,@MarcosCarillo-b1r,2,2,2,0,1
UCjZgFEowMBrsjodqfovzdKw,@franciscoflores3120,2,2,2,0,0
UCsUCN0Yq_UyTvKjOJLmNrnQ,@moisesvaldez4043,2,2,2,0,0
UCvcu1kR8xMYy_I1Ty-2mV2Q,@hashojea7348,4,3,1,0,0
UCpsKOkt5iWTbenzeuq7dsmQ,@inge_vergueta,3,3,1,4,0
UCylqlpsh8ENNM1LqgQ1KbxA,@Jel.Awesh.M,3,2,1,1,0
UCbrtvygfRT6QXqWDNrOf-cA,@Alejandro00710,2,2,1,0,0
UCzZ6dDCEsLMXbc5pCFXIprw,@josegil3813,2,2,1,0,0
