node_id,tipo_nodo,bipartite,etiqueta,id_original,comentarios_publicados,videos_comentados,canales_comentados,likes,respuestas,sent_medio,channel_id,channel_name,category,source_group,view_count,comentarios_recibidos,autores_distintos,tiene_comentarios,observado
author::UC-HeUTT6_g-VoiWds2a4H-w,autor,0,@JorgeMunoz-gd9et,UC-HeUTT6_g-VoiWds2a4H-w,1,1.0,1.0,0.0,0.0,0.449,,,,,,,,,True
author::UC-Iul5tDYH_oiAMXQH-KaaQ,autor,0,@AlbertoMancilla-p9h,UC-Iul5tDYH_oiAMXQH-KaaQ,1,1.0,1.0,1.0,0.0,0.92,,,,,,,,,True
author::UC-QOpE7GOxlXcHZ8b7HbQKA,autor,0,@mariaalexander427,UC-QOpE7GOxlXcHZ8b7HbQKA,2,1.0,1.0,0.0,0.0,-0.742,,,,,,,,,True
author::UC-fiZBS5Gp1eCJd9ucgWnCg,autor,0,@Tommii.10,UC-fiZBS5Gp1eCJd9ucgWnCg,1,1.0,1.0,6.0,0.0,-0.476,,,,,,,,,True
author::UC-hfX8J5JPJ-dfuakzegMLA,autor,0,@normaleticiaorozcojuarez2418,UC-hfX8J5JPJ-dfuakzegMLA,1,1.0,1.0,6.0,0.0,0.574,,,,,,,,,True
author::UC-jS_kA9w-OmpupXDx156Rg,autor,0,@simoncreyesc7579,UC-jS_kA9w-OmpupXDx156Rg,1,1.0,1.0,2.0,0.0,-0.963,,,,,,,,,True
author::UC-pNP6RMFuLg_-x7Ah_0kEA,autor,0,@almacatalan2717,UC-pNP6RMFuLg_-x7Ah_0kEA,1,1.0,1.0,5.0,0.0,-0.945,,,,,,,,,True
author::UC094EFEmMSdwVa8NQjjYBXg,autor,0,@CelestinoQuej-j7k,UC094EFEmMSdwVa8NQjjYBXg,1,1.0,1.0,0.0,0.0,-0.157,,,,,,,,,True
author::UC0HvfEWozTHbwl_iEmJNvVA,autor,0,@OttoPalencia-b7r,UC0HvfEWozTHbwl_iEmJNvVA,1,1.0,1.0,3.0,0.0,-0.431,,,,,,,,,True
author::UC0RpuMwkDKJYqgKHtsJRuWQ,autor,0,@sabinamarinaguerra3248,UC0RpuMwkDKJYqgKHtsJRuWQ,1,1.0,1.0,113.0,1.0,0.972,,,,,,,,,True
author::UC0aEyakBPqcBkVJiErfSupQ,autor,0,@jhonymanuel9891,UC0aEyakBPqcBkVJiErfSupQ,1,1.0,1.0,70.0,0.0,0.867,,,,,,,,,True
author::UC14qlobYKqD-DO0j6b75lcA,autor,0,@megavision4488,UC14qlobYKqD-DO0j6b75lcA,1,1.0,1.0,0.0,0.0,0.159,,,,,,,,,True
author::UC1DpqK6vaPEkBOMNvypsKYg,autor,0,@HectorCarranza-u4j4o,UC1DpqK6vaPEkBOMNvypsKYg,1,1.0,1.0,0.0,0.0,-0.911,,,,,,,,,True
author::UC1NiEdJ7gk6FlDexIalWnGg,autor,0,@BorisTebalán,UC1NiEdJ7gk6FlDexIalWnGg,1,1.0,1.0,0.0,0.0,-0.969,,,,,,,,,True
author::UC1WlJfQmaIskYhP4gmWoamw,autor,0,@marthareiss5434,UC1WlJfQmaIskYhP4gmWoamw,1,1.0,1.0,2.0,1.0,-0.98,,,,,,,,,True
author::UC1Y7x3h0c95Z8kUhi-Tzaeg,autor,0,@rosadiaz9235,UC1Y7x3h0c95Z8kUhi-Tzaeg,1,1.0,1.0,0.0,0.0,-0.909,,,,,,,,,True
author::UC1vr9aaMI2crB0NvwFHUeoQ,autor,0,@JoseSimilox-p6e,UC1vr9aaMI2crB0NvwFHUeoQ,1,1.0,1.0,0.0,0.0,-0.971,,,,,,,,,True
author::UC2Y_EHWQKevubk4vOEBBFxw,autor,0,@alfonsomorales2653,UC2Y_EHWQKevubk4vOEBBFxw,1,1.0,1.0,1.0,0.0,-0.837,,,,,,,,,True
author::UC2ngpd8UBQu4gcUYy0goAtg,autor,0,@juliohernandez7438,UC2ngpd8UBQu4gcUYy0goAtg,1,1.0,1.0,0.0,0.0,-0.827,,,,,,,,,True
author::UC2weSE8rpqkGMOp6StYtVfg,autor,0,@katerynsantiago2907,UC2weSE8rpqkGMOp6StYtVfg,1,1.0,1.0,1.0,0.0,-0.976,,,,,,,,,True
author::UC32oozucwCF3q8d4m8fyOUg,autor,0,@RauldejesusOlivagonzalez,UC32oozucwCF3q8d4m8fyOUg,1,1.0,1.0,0.0,0.0,-0.869,,,,,,,,,True
author::UC3E9mAgP7VoAE5mZoAexl5g,autor,0,@EnnioAroche,UC3E9mAgP7VoAE5mZoAexl5g,1,1.0,1.0,0.0,0.0,-0.972,,,,,,,,,True
author::UC3MYTqpQqlWBuCB7Th0e0PA,autor,0,@isaaclopez7220,UC3MYTqpQqlWBuCB7Th0e0PA,1,1.0,1.0,4.0,0.0,0.931,,,,,,,,,True
author::UC3NMzdMYryaw82kPTnsaljg,autor,0,@marisosa7832,UC3NMzdMYryaw82kPTnsaljg,1,1.0,1.0,0.0,0.0,-0.881,,,,,,,,,True
author::UC3UVO7pTbeYvZ3ILEyRDskQ,autor,0,@rosaelenaargueta79,UC3UVO7pTbeYvZ3ILEyRDskQ,1,1.0,1.0,1.0,0.0,-0.538,,,,,,,,,True
author::UC3XTwHxygNCgjndsg-UiCQA,autor,0,@marioajset4283,UC3XTwHxygNCgjndsg-UiCQA,3,1.0,1.0,2.0,0.0,-0.954,,,,,,,,,True
author::UC3YpzAr7pcdKC7BVFEpYzog,autor,0,@carmenfigueroa1232,UC3YpzAr7pcdKC7BVFEpYzog,1,1.0,1.0,4.0,1.0,-0.91,,,,,,,,,True
author::UC3iIU62XKUOWuqL8BqBzj9A,autor,0,@antonioduarte2288,UC3iIU62XKUOWuqL8BqBzj9A,1,1.0,1.0,0.0,0.0,-0.893,,,,,,,,,True
author::UC3qn1yJA5PeW9rkGPatQxiw,autor,0,@VICTOREST19,UC3qn1yJA5PeW9rkGPatQxiw,1,1.0,1.0,7.0,0.0,-0.326,,,,,,,,,True
author::UC4Avya4kmR4Q0FrfFdBozSQ,autor,0,@davidlima1348,UC4Avya4kmR4Q0FrfFdBozSQ,1,1.0,1.0,11.0,0.0,-0.224,,,,,,,,,True
author::UC4cXueR2bKGFJV0Fk76gwmA,autor,0,@aluxdel4792,UC4cXueR2bKGFJV0Fk76gwmA,1,1.0,1.0,0.0,0.0,-0.967,,,,,,,,,True
author::UC4kg7zuTfqQKLd2bkZrSYBA,autor,0,@zoilagarcia9019,UC4kg7zuTfqQKLd2bkZrSYBA,1,1.0,1.0,0.0,0.0,-0.774,,,,,,,,,True
author::UC4wq3DcbfaG6dtCqn8Oyu3w,autor,0,@hugoasencio7764,UC4wq3DcbfaG6dtCqn8Oyu3w,1,1.0,1.0,1.0,0.0,-0.807,,,,,,,,,True
author::UC5H8ASmMC9WrURmzeB4ySog,autor,0,@ManuelEdran,UC5H8ASmMC9WrURmzeB4ySog,5,1.0,1.0,6.0,0.0,-0.025,,,,,,,,,True
author::UC5PrBbmUlQolwqmiru7yZhw,autor,0,@lazarochavez8269,UC5PrBbmUlQolwqmiru7yZhw,1,1.0,1.0,0.0,1.0,-0.773,,,,,,,,,True
author::UC5PyGvSfFM--OVKmQ3COu6g,autor,0,@FreddyGmez,UC5PyGvSfFM--OVKmQ3COu6g,1,1.0,1.0,3.0,0.0,0.872,,,,,,,,,True
author::UC5bG9nc_JV3FsNP2KseQiYw,autor,0,@giovannirodas4836,UC5bG9nc_JV3FsNP2KseQiYw,1,1.0,1.0,2.0,0.0,-0.964,,,,,,,,,True
author::UC5fvhAfm89JH8eDFdvc0xYw,autor,0,@isaidiaz2388,UC5fvhAfm89JH8eDFdvc0xYw,1,1.0,1.0,0.0,0.0,0.471,,,,,,,,,True
author::UC5hvEnRUzI4Kfvwnyi4QxqQ,autor,0,@leonelsantizo5281,UC5hvEnRUzI4Kfvwnyi4QxqQ,1,1.0,1.0,2.0,0.0,0.727,,,,,,,,,True
author::UC5wuDq3U3vRAhOQI3D7gNdw,autor,0,@allanreneramirezgonzalez534,UC5wuDq3U3vRAhOQI3D7gNdw,1,1.0,1.0,2.0,1.0,0.817,,,,,,,,,True
author::UC63tFvbQ_hJhGDi2nbjssjw,autor,0,@AbigailRodas-w2r,UC63tFvbQ_hJhGDi2nbjssjw,1,1.0,1.0,2.0,0.0,-0.902,,,,,,,,,True
author::UC650pRT-OYzny3GwOH8Cgfw,autor,0,@edvinparedesherrera7632,UC650pRT-OYzny3GwOH8Cgfw,1,1.0,1.0,1.0,0.0,-0.984,,,,,,,,,True
author::UC6PvO1_k5lHKGdAPo5_C6TA,autor,0,@johnmejia992,UC6PvO1_k5lHKGdAPo5_C6TA,1,1.0,1.0,1.0,0.0,-0.936,,,,,,,,,True
author::UC6Uj1FT5JjDSF8vudvDxPAA,autor,0,@alfredoortega9264,UC6Uj1FT5JjDSF8vudvDxPAA,1,1.0,1.0,1.0,0.0,0.638,,,,,,,,,True
author::UC6YSZqL0vEcI-niPKIMUGfw,autor,0,@maxwellsales885,UC6YSZqL0vEcI-niPKIMUGfw,1,1.0,1.0,2.0,0.0,-0.982,,,,,,,,,True
author::UC6xI_MOaxajIWpoP8BH6E_Q,autor,0,@jahirdiaz5862,UC6xI_MOaxajIWpoP8BH6E_Q,1,1.0,1.0,0.0,0.0,0.718,,,,,,,,,True
author::UC72gBAtyb_VXQlYDcFrh6oQ,autor,0,@osmanmorales3012,UC72gBAtyb_VXQlYDcFrh6oQ,3,1.0,1.0,19.0,0.0,-0.751,,,,,,,,,True
author::UC7IMsCxfZyWN7YQo8-JYa6Q,autor,0,@Burgos68,UC7IMsCxfZyWN7YQo8-JYa6Q,2,1.0,1.0,1.0,0.0,-0.004,,,,,,,,,True
author::UC7VUuJr9cGh845CmTvf7TlQ,autor,0,@LuisCastillo-oz4df,UC7VUuJr9cGh845CmTvf7TlQ,1,1.0,1.0,1.0,0.0,-0.96,,,,,,,,,True
author::UC7dadZG7kkGYnsNu6td0FbA,autor,0,@lesolorzano,UC7dadZG7kkGYnsNu6td0FbA,1,1.0,1.0,18.0,0.0,-0.732,,,,,,,,,True
author::UC816IGbFCZinfYS1LRDaaHg,autor,0,@ingenieroar,UC816IGbFCZinfYS1LRDaaHg,1,1.0,1.0,1.0,0.0,-0.015,,,,,,,,,True
author::UC8F2V63KZ4ZEay6opX2hAQw,autor,0,@carmenr6311,UC8F2V63KZ4ZEay6opX2hAQw,1,1.0,1.0,0.0,0.0,-0.972,,,,,,,,,True
author::UC8G5cJONY8L9voMyBW8Eoug,autor,0,@luisparedes-pw6qt,UC8G5cJONY8L9voMyBW8Eoug,1,1.0,1.0,0.0,0.0,-0.941,,,,,,,,,True
author::UC8r11yOugM2NuRfitQOxLLg,autor,0,@cesaraugustomoralesmonroy6907,UC8r11yOugM2NuRfitQOxLLg,1,1.0,1.0,1.0,0.0,-0.976,,,,,,,,,True
author::UC8xlJWNHz1V_W6q3fbuQH8g,autor,0,@NormaLópez-v7e,UC8xlJWNHz1V_W6q3fbuQH8g,1,1.0,1.0,1.0,0.0,0.864,,,,,,,,,True
author::UC95PSMouTx2N5CbSq0hIyrQ,autor,0,@lisss1908,UC95PSMouTx2N5CbSq0hIyrQ,1,1.0,1.0,0.0,0.0,-0.214,,,,,,,,,True
author::UC9Wp6vL5oCU37qC3Aj94WZA,autor,0,@ManuelSanchez-b8q2z,UC9Wp6vL5oCU37qC3Aj94WZA,1,1.0,1.0,0.0,0.0,-0.949,,,,,,,,,True
author::UC9vMq1YF-e7C-VO0SHkbUTA,autor,0,@ErvinLeonardoCarreraLatín,UC9vMq1YF-e7C-VO0SHkbUTA,4,1.0,1.0,0.0,0.0,-0.85,,,,,,,,,True
author::UC9xr9QvIcDvoZNUX5f-jaZw,autor,0,@MariaaliciaColonmorales,UC9xr9QvIcDvoZNUX5f-jaZw,1,1.0,1.0,0.0,0.0,-0.556,,,,,,,,,True
author::UCA93ym2TXs_Ibyxb4Vcn-6Q,autor,0,@oswaldosolis8728,UCA93ym2TXs_Ibyxb4Vcn-6Q,1,1.0,1.0,0.0,0.0,-0.939,,,,,,,,,True
author::UCAKuKvcbfnBD3kF5njNu-IA,autor,0,@melvinlopez7096,UCAKuKvcbfnBD3kF5njNu-IA,1,1.0,1.0,0.0,0.0,0.899,,,,,,,,,True
author::UCAV7QIjYhbDJaycQycM_0eQ,autor,0,@mariavail8998,UCAV7QIjYhbDJaycQycM_0eQ,1,1.0,1.0,3.0,0.0,-0.348,,,,,,,,,True
author::UCAlzM_N6xBlMYmM8EBzX86Q,autor,0,@carlossoto3252,UCAlzM_N6xBlMYmM8EBzX86Q,1,1.0,1.0,3.0,0.0,-0.928,,,,,,,,,True
author::UCAmtbUiIrUIhikru0ZoTFig,autor,0,@Aura-vf6dm,UCAmtbUiIrUIhikru0ZoTFig,1,1.0,1.0,7.0,0.0,-0.874,,,,,,,,,True
author::UCAxvOOHQk7dYPOajzFEVtbA,autor,0,@ruddydepaz322,UCAxvOOHQk7dYPOajzFEVtbA,2,1.0,1.0,0.0,0.0,-0.116,,,,,,,,,True
author::UCB5p8a5gklc80jJItP6xTHg,autor,0,@ernestogamboa8737,UCB5p8a5gklc80jJItP6xTHg,1,1.0,1.0,6.0,0.0,-0.75,,,,,,,,,True
author::UCBlm80VQ4YoV3bUJR_XhkaQ,autor,0,@rosadiaz6945,UCBlm80VQ4YoV3bUJR_XhkaQ,2,1.0,1.0,0.0,3.0,-0.343,,,,,,,,,True
author::UCBtB5dIyx-C16UN8ClUD2UA,autor,0,@alexmonzon4257,UCBtB5dIyx-C16UN8ClUD2UA,1,1.0,1.0,0.0,0.0,-0.552,,,,,,,,,True
author::UCCBYcToQ2dwkd6TJh0FSyDg,autor,0,@lidiarodriguez3493,UCCBYcToQ2dwkd6TJh0FSyDg,1,1.0,1.0,0.0,0.0,-0.378,,,,,,,,,True
author::UCCUmP4PlbwgikVFpYwbtRTg,autor,0,@alhvi,UCCUmP4PlbwgikVFpYwbtRTg,1,1.0,1.0,3.0,0.0,0.92,,,,,,,,,True
author::UCCaYwkkbQGcvFoUmothVdQQ,autor,0,@OsvaldoAguirre-l3i,UCCaYwkkbQGcvFoUmothVdQQ,1,1.0,1.0,0.0,0.0,-0.942,,,,,,,,,True
author::UCDIMztpVm7G27qBuiWuT6oQ,autor,0,@lizardomorataya8274,UCDIMztpVm7G27qBuiWuT6oQ,1,1.0,1.0,0.0,0.0,-0.453,,,,,,,,,True
author::UCDPWkUX3sNNaCx-m1dV4glA,autor,0,@hectoroliva949,UCDPWkUX3sNNaCx-m1dV4glA,1,1.0,1.0,0.0,0.0,-0.891,,,,,,,,,True
author::UCDQaQv0hr2SS_PO-CMEwVHg,autor,0,@federicosaquimux1933,UCDQaQv0hr2SS_PO-CMEwVHg,1,1.0,1.0,1.0,0.0,-0.627,,,,,,,,,True
author::UCDUffaruH6dyUnUGwsTKpgg,autor,0,@luisletona2842,UCDUffaruH6dyUnUGwsTKpgg,1,1.0,1.0,2.0,0.0,-0.802,,,,,,,,,True
author::UCDftMWXQoJ6nONfY7GVOVjg,autor,0,@luisgpacheco5858,UCDftMWXQoJ6nONfY7GVOVjg,1,1.0,1.0,0.0,0.0,-0.968,,,,,,,,,True
author::UCDlr1VadSucIZgZ171pRBjQ,autor,0,@cuabatzjj5924,UCDlr1VadSucIZgZ171pRBjQ,1,1.0,1.0,0.0,0.0,0.022,,,,,,,,,True
author::UCDrmf9y9nLgFY5wnA2hTuGA,autor,0,@laboratorio5528,UCDrmf9y9nLgFY5wnA2hTuGA,1,1.0,1.0,1.0,0.0,0.368,,,,,,,,,True
author::UCEHXl4VvvVpq-_4xC5tsbhg,autor,0,@anibalg47,UCEHXl4VvvVpq-_4xC5tsbhg,1,1.0,1.0,7.0,0.0,0.744,,,,,,,,,True
author::UCEgEQmRbtL5fwr9_DqAC--g,autor,0,@ArielRodas-g5y,UCEgEQmRbtL5fwr9_DqAC--g,1,1.0,1.0,2.0,0.0,-0.046,,,,,,,,,True
author::UCErZPJpHmLCsXs8ZWkAUupQ,autor,0,@dorisl.garciaroche7763,UCErZPJpHmLCsXs8ZWkAUupQ,1,1.0,1.0,2.0,1.0,-0.647,,,,,,,,,True
author::UCFFrEmn6lPYiWyElpfzTy5Q,autor,0,@denilsonlopez4083,UCFFrEmn6lPYiWyElpfzTy5Q,1,1.0,1.0,0.0,0.0,-0.86,,,,,,,,,True
author::UCFOxCyF926Y9eHhMeVoWLzw,autor,0,@arielsarc09,UCFOxCyF926Y9eHhMeVoWLzw,1,1.0,1.0,3.0,0.0,0.926,,,,,,,,,True
author::UCFUuDARXdmmIrLppEqf-rFg,autor,0,@allanmunoz7410,UCFUuDARXdmmIrLppEqf-rFg,1,1.0,1.0,0.0,0.0,-0.262,,,,,,,,,True
author::UCFhxtoeARHPnXXPcDrOU3Xg,autor,0,@diegoalejandrolopezmendez205,UCFhxtoeARHPnXXPcDrOU3Xg,1,1.0,1.0,2.0,0.0,0.541,,,,,,,,,True
author::UCFjudnPLoaSL1BaRuLahyHg,autor,0,@HaroldoCastillo-rh9iw,UCFjudnPLoaSL1BaRuLahyHg,3,1.0,1.0,3.0,0.0,-0.299,,,,,,,,,True
author::UCFoIAE8k82D6AV-8gjjKaNg,autor,0,@eddymunoz9789,UCFoIAE8k82D6AV-8gjjKaNg,1,1.0,1.0,1.0,1.0,-0.889,,,,,,,,,True
author::UCFxE8GbokBrBsPEKM1xrOjQ,autor,0,@JuanDavila-qd7qj,UCFxE8GbokBrBsPEKM1xrOjQ,1,1.0,1.0,10.0,0.0,-0.97,,,,,,,,,True
author::UCFybmWapGvBKcQod7cPPH9w,autor,0,@vitalianochavez8382,UCFybmWapGvBKcQod7cPPH9w,1,1.0,1.0,1.0,0.0,0.875,,,,,,,,,True
author::UCGGHbtfbbe0o68etrOf0qxw,autor,0,@karensussetteleonvargas9794,UCGGHbtfbbe0o68etrOf0qxw,1,1.0,1.0,0.0,0.0,0.937,,,,,,,,,True
author::UCGX_UbAQOXGZknv5iqklwTA,autor,0,@ronaldgarcia8522,UCGX_UbAQOXGZknv5iqklwTA,1,1.0,1.0,1.0,0.0,-0.013,,,,,,,,,True
author::UCGZMgmM92E3njyXNe9-kjAQ,autor,0,@pasionpornada,UCGZMgmM92E3njyXNe9-kjAQ,1,1.0,1.0,2.0,1.0,-0.031,,,,,,,,,True
author::UCGj2v6Gl5bN8NSrzJMXS-CA,autor,0,@juliogutierrez492,UCGj2v6Gl5bN8NSrzJMXS-CA,1,1.0,1.0,0.0,0.0,-0.973,,,,,,,,,True
author::UCGm3gRBEHGRJYmtCryZLtDw,autor,0,@JoséLopez-g6k,UCGm3gRBEHGRJYmtCryZLtDw,1,1.0,1.0,0.0,0.0,-0.819,,,,,,,,,True
author::UCGqKxQS-z3NZzZF-2w338AA,autor,0,@samuelaguilar529,UCGqKxQS-z3NZzZF-2w338AA,1,1.0,1.0,211.0,3.0,0.901,,,,,,,,,True
author::UCGzXwyCzMzGmjmCbH3Hg01Q,autor,0,@FidelZacarias-ph7dy,UCGzXwyCzMzGmjmCbH3Hg01Q,1,1.0,1.0,2.0,0.0,-0.939,,,,,,,,,True
author::UCHGd14aYuZZShLD73dkk6mg,autor,0,@noemiherrera3152,UCHGd14aYuZZShLD73dkk6mg,1,1.0,1.0,0.0,0.0,0.715,,,,,,,,,True
author::UCHMQ_lDhibZ-XZ_3fo6oxwg,autor,0,@crislexrubi4387,UCHMQ_lDhibZ-XZ_3fo6oxwg,1,1.0,1.0,16.0,0.0,0.955,,,,,,,,,True
author::UCHTGCgY2l-DQJIvlA_cpa_Q,autor,0,@virgiliogarcia3039,UCHTGCgY2l-DQJIvlA_cpa_Q,3,2.0,2.0,14.0,0.0,-0.857,,,,,,,,,True
author::UCHbwIx9pmQuf7i-4_xO2EpA,autor,0,@caminoseternos752,UCHbwIx9pmQuf7i-4_xO2EpA,1,1.0,1.0,0.0,0.0,0.318,,,,,,,,,True
author::UCHhHUjaMAZ8SiXdCUCj9DkQ,autor,0,@fredymendez1786,UCHhHUjaMAZ8SiXdCUCj9DkQ,2,1.0,1.0,3.0,0.0,-0.775,,,,,,,,,True
author::UCHu8x4MVkayU6VgwVKd--MQ,autor,0,@Hernandez-i1o,UCHu8x4MVkayU6VgwVKd--MQ,1,1.0,1.0,1.0,0.0,-0.968,,,,,,,,,True
author::UCIUhbSCy3-SGRe5UtqM4fzQ,autor,0,@jeanmorales1677,UCIUhbSCy3-SGRe5UtqM4fzQ,1,1.0,1.0,1.0,0.0,-0.931,,,,,,,,,True
author::UCIXLDYqR_syskKRJy_x9W9Q,autor,0,@carlitosramirez4739,UCIXLDYqR_syskKRJy_x9W9Q,1,1.0,1.0,0.0,0.0,-0.194,,,,,,,,,True
author::UCIgoiXdIKJyUGmUoH2Lxdzg,autor,0,@susievidal4134,UCIgoiXdIKJyUGmUoH2Lxdzg,1,1.0,1.0,3.0,0.0,-0.867,,,,,,,,,True
author::UCIp19h9igblA2YKfSLPDAug,autor,0,@JoseReyes-rn6sh,UCIp19h9igblA2YKfSLPDAug,1,1.0,1.0,14.0,1.0,0.561,,,,,,,,,True
author::UCJp3OrVYcBorC94sKwdch_A,autor,0,@ULJoshmg2011,UCJp3OrVYcBorC94sKwdch_A,1,1.0,1.0,0.0,0.0,-0.965,,,,,,,,,True
author::UCJxJC56BSAX-ArD0NAb9qnQ,autor,0,@alfonsowilian9157,UCJxJC56BSAX-ArD0NAb9qnQ,1,1.0,1.0,0.0,0.0,-0.084,,,,,,,,,True
author::UCKDR0f2fu2UzWL8mBv5-BHw,autor,0,@mireyamorales6595,UCKDR0f2fu2UzWL8mBv5-BHw,1,1.0,1.0,0.0,0.0,-0.934,,,,,,,,,True
author::UCKVzDUqbtdSMBcexaEtMmzQ,autor,0,@rotorairgroup8409,UCKVzDUqbtdSMBcexaEtMmzQ,1,1.0,1.0,0.0,0.0,-0.971,,,,,,,,,True
author::UCL13XhnRzbGokEkCkEOb0-g,autor,0,@raquelprado3643,UCL13XhnRzbGokEkCkEOb0-g,2,1.0,1.0,8.0,0.0,-0.907,,,,,,,,,True
author::UCL1MT278vSaQ83ZDkVWn1gw,autor,0,@elmorodriguez6978,UCL1MT278vSaQ83ZDkVWn1gw,1,1.0,1.0,20.0,0.0,-0.915,,,,,,,,,True
author::UCLFdHr9BEbXHkoJopbEPLZw,autor,0,@kanterra4584,UCLFdHr9BEbXHkoJopbEPLZw,2,1.0,1.0,24.0,0.0,-0.795,,,,,,,,,True
author::UCLXYp1Cvc5DLtq5UQL5D9vw,autor,0,@jorgecifuentes-m5g,UCLXYp1Cvc5DLtq5UQL5D9vw,1,1.0,1.0,3.0,1.0,-0.063,,,,,,,,,True
author::UCLggDc_a5HriXv7I1h02sOA,autor,0,@guillermogonzalez5153,UCLggDc_a5HriXv7I1h02sOA,2,1.0,1.0,7.0,0.0,-0.398,,,,,,,,,True
author::UCLh1Kde4_vI1sTZBkTNP7RQ,autor,0,@JoelReynoso-d4r,UCLh1Kde4_vI1sTZBkTNP7RQ,1,1.0,1.0,0.0,0.0,-0.015,,,,,,,,,True
author::UCN2N_wYOw6fMwCeSzdXLPIw,autor,0,@danielantoniogonzalezflore4901,UCN2N_wYOw6fMwCeSzdXLPIw,1,1.0,1.0,0.0,0.0,-0.965,,,,,,,,,True
author::UCN6qbfPSzFtjhqUDZ3Cv3CQ,autor,0,@carlosmedranovelasquez6380,UCN6qbfPSzFtjhqUDZ3Cv3CQ,1,1.0,1.0,2.0,0.0,-0.905,,,,,,,,,True
author::UCNBnKqWf4d-rS4HwJRQljmQ,autor,0,@LE_A22,UCNBnKqWf4d-rS4HwJRQljmQ,2,1.0,1.0,1.0,0.0,-0.934,,,,,,,,,True
author::UCNIeXbV_mEwpa412h1aqUWw,autor,0,@juandeleon9060,UCNIeXbV_mEwpa412h1aqUWw,3,1.0,1.0,3.0,1.0,-0.124,,,,,,,,,True
author::UCNiMNUJvaRJb0_QLClqwVnA,autor,0,@Santiago.Nolasco,UCNiMNUJvaRJb0_QLClqwVnA,1,1.0,1.0,2.0,0.0,0.914,,,,,,,,,True
author::UCNkcuy42zEwddwEcOd_HpnA,autor,0,@vanigomez492,UCNkcuy42zEwddwEcOd_HpnA,1,1.0,1.0,3.0,0.0,-0.844,,,,,,,,,True
author::UCNpt5CQlTzNjlAKY6CJtClQ,autor,0,@eustaquiogomez9975,UCNpt5CQlTzNjlAKY6CJtClQ,1,1.0,1.0,0.0,0.0,-0.282,,,,,,,,,True
author::UCO0zwwLWGyDgQmWPJ5Qrr1w,autor,0,@elsalvador3605,UCO0zwwLWGyDgQmWPJ5Qrr1w,1,1.0,1.0,3.0,0.0,-0.908,,,,,,,,,True
author::UCOARn3hnfkB7-_Rwa8Hoqcw,autor,0,@nicelol5241,UCOARn3hnfkB7-_Rwa8Hoqcw,1,1.0,1.0,0.0,0.0,-0.98,,,,,,,,,True
author::UCOLGv5Pf6BF2wFcwUzgcvHg,autor,0,@welfrealdana5559,UCOLGv5Pf6BF2wFcwUzgcvHg,2,1.0,1.0,4.0,0.0,-0.862,,,,,,,,,True
author::UCOLHH4ZpMxPYF-Q6e6wvn5A,autor,0,@luisroldan7374,UCOLHH4ZpMxPYF-Q6e6wvn5A,1,1.0,1.0,2.0,1.0,-0.791,,,,,,,,,True
author::UCOS8ViEkccrTZx2w2ccxotA,autor,0,@OscarHernandez-q8y,UCOS8ViEkccrTZx2w2ccxotA,1,1.0,1.0,4.0,0.0,-0.431,,,,,,,,,True
author::UCOY3XpD9qMCRSA8AA8c4CAw,autor,0,@franciscorodas9686,UCOY3XpD9qMCRSA8AA8c4CAw,1,1.0,1.0,1.0,0.0,0.937,,,,,,,,,True
author::UCOcUI5XkTYNMSFhZNMIPpGg,autor,0,@hendersonlopez3864,UCOcUI5XkTYNMSFhZNMIPpGg,1,1.0,1.0,3.0,0.0,-0.973,,,,,,,,,True
author::UCOh6DaZC_x9HASnlRylEMfw,autor,0,@AndresMedina-v1s,UCOh6DaZC_x9HASnlRylEMfw,1,1.0,1.0,0.0,0.0,-0.833,,,,,,,,,True
author::UCPLW0HE3siElqCgXfgWxMqg,autor,0,@elizabethmonterroso7719,UCPLW0HE3siElqCgXfgWxMqg,1,1.0,1.0,0.0,0.0,-0.888,,,,,,,,,True
author::UCPNXmbOBVeC4HS-xemvcPtQ,autor,0,@BelkisRodriguezRamirez,UCPNXmbOBVeC4HS-xemvcPtQ,1,1.0,1.0,2.0,3.0,-0.831,,,,,,,,,True
author::UCPZueDLrCS4BmTBRMA4q0fA,autor,0,@kevinochoa3695,UCPZueDLrCS4BmTBRMA4q0fA,1,1.0,1.0,1.0,1.0,-0.592,,,,,,,,,True
author::UCQIdKuZ-OzuFqy0KjGrgesg,autor,0,@lyacausa,UCQIdKuZ-OzuFqy0KjGrgesg,1,1.0,1.0,1.0,0.0,-0.713,,,,,,,,,True
author::UCQM2tCKRRytVDRxNUfCDqQQ,autor,0,@elioelias7267,UCQM2tCKRRytVDRxNUfCDqQQ,1,1.0,1.0,0.0,0.0,0.524,,,,,,,,,True
author::UCQMMuADgqWUOcJpLwHOzC-g,autor,0,@Ripped-Yoda,UCQMMuADgqWUOcJpLwHOzC-g,1,1.0,1.0,0.0,0.0,-0.927,,,,,,,,,True
author::UCQ_-LPP8JAbfkc-b1Q6NvWw,autor,0,@MegaKristenstewart,UCQ_-LPP8JAbfkc-b1Q6NvWw,2,1.0,1.0,31.0,0.0,-0.956,,,,,,,,,True
author::UCQgYjVngJRfPHDLGB5X6ZjA,autor,0,@oscarnavas9996,UCQgYjVngJRfPHDLGB5X6ZjA,1,1.0,1.0,0.0,0.0,-0.819,,,,,,,,,True
author::UCQqetiwzzmRNTM5OWuXarGQ,autor,0,@isaiaslopezvelasquez1539,UCQqetiwzzmRNTM5OWuXarGQ,1,1.0,1.0,1.0,0.0,-0.808,,,,,,,,,True
author::UCQqlPPUGqAfWjd-FSh_qn7Q,autor,0,@estuardoargueta137,UCQqlPPUGqAfWjd-FSh_qn7Q,1,1.0,1.0,0.0,0.0,-0.968,,,,,,,,,True
author::UCQtICyzWmhC5woCtbNgaSmg,autor,0,@nestormendez6216,UCQtICyzWmhC5woCtbNgaSmg,2,1.0,1.0,5.0,0.0,-0.642,,,,,,,,,True
author::UCQtSFINs1h6GHkpg9o5kMvg,autor,0,@MacarioMartinezruiz,UCQtSFINs1h6GHkpg9o5kMvg,1,1.0,1.0,12.0,0.0,0.895,,,,,,,,,True
author::UCQyOePccUP-fIJYzchAgZYw,autor,0,@aguilar4254,UCQyOePccUP-fIJYzchAgZYw,1,1.0,1.0,0.0,0.0,-0.933,,,,,,,,,True
author::UCRAquv8el-tQ30bN7MlmySQ,autor,0,@iamjimalesssa,UCRAquv8el-tQ30bN7MlmySQ,1,1.0,1.0,4.0,0.0,-0.969,,,,,,,,,True
author::UCRETAiYdh2dL5ZxB0_N1zDA,autor,0,@Joseroland21,UCRETAiYdh2dL5ZxB0_N1zDA,1,1.0,1.0,0.0,0.0,-0.77,,,,,,,,,True
author::UCRcSR3Lvn9DZAmJpVPANfZQ,autor,0,@WalksandSuch,UCRcSR3Lvn9DZAmJpVPANfZQ,1,1.0,1.0,68.0,0.0,0.964,,,,,,,,,True
author::UCRelkU8JiZBytTzebJxaa-w,autor,0,@danyraymundo2942,UCRelkU8JiZBytTzebJxaa-w,1,1.0,1.0,3.0,0.0,-0.544,,,,,,,,,True
author::UCRfkkatKrNtAARnXMMYBGlA,autor,0,@BernerSoza-mg3vx,UCRfkkatKrNtAARnXMMYBGlA,1,1.0,1.0,0.0,0.0,-0.762,,,,,,,,,True
author::UCRlCV9zSn7avAWh-9_XFWqQ,autor,0,@ronyarana8849,UCRlCV9zSn7avAWh-9_XFWqQ,1,1.0,1.0,1.0,0.0,-0.847,,,,,,,,,True
author::UCRvPToDkkumha7WJAfCDk1A,autor,0,@ligiaguerra3057,UCRvPToDkkumha7WJAfCDk1A,1,1.0,1.0,0.0,0.0,-0.82,,,,,,,,,True
author::UCRznz9-N3Qc1w-qNdLSIY2Q,autor,0,@jimmygomez724,UCRznz9-N3Qc1w-qNdLSIY2Q,1,1.0,1.0,14.0,0.0,0.915,,,,,,,,,True
author::UCSTAUWVc1_82DHYeqOsqEFA,autor,0,@TheAlexX_C,UCSTAUWVc1_82DHYeqOsqEFA,1,1.0,1.0,191.0,2.0,0.941,,,,,,,,,True
author::UCSou6a2OuYGSvPjm5psquyA,autor,0,@FranciscoRivera-sf7ne,UCSou6a2OuYGSvPjm5psquyA,1,1.0,1.0,0.0,0.0,-0.92,,,,,,,,,True
author::UCTD6q1nyIe3Y7HhqjaMj72w,autor,0,@JuanChang-r6k,UCTD6q1nyIe3Y7HhqjaMj72w,1,1.0,1.0,8.0,0.0,-0.799,,,,,,,,,True
author::UCTP3O0rMnc8z8v8jaDQwL0w,autor,0,@RobertoZelaya-x1v,UCTP3O0rMnc8z8v8jaDQwL0w,1,1.0,1.0,1.0,0.0,-0.755,,,,,,,,,True
author::UCTTILH6QCIxbTnEWxwRqs1g,autor,0,@3762Jorge,UCTTILH6QCIxbTnEWxwRqs1g,1,1.0,1.0,0.0,0.0,-0.023,,,,,,,,,True
author::UCThW2XNsAaBKme5PUt7n-Zg,autor,0,@thelmamoran8565,UCThW2XNsAaBKme5PUt7n-Zg,1,1.0,1.0,0.0,0.0,-0.965,,,,,,,,,True
author::UCTwSut16JyAg3mX6LVUNGqA,autor,0,@SuperVictor2005,UCTwSut16JyAg3mX6LVUNGqA,1,1.0,1.0,0.0,0.0,-0.961,,,,,,,,,True
author::UCTylKrsqkrBKIqubMu_5N0Q,autor,0,@edwingeovanymarroquinmarro6684,UCTylKrsqkrBKIqubMu_5N0Q,1,1.0,1.0,1.0,0.0,0.069,,,,,,,,,True
author::UCUIIIPTVDVHAXqhC_5V6lPA,autor,0,@gorrarota,UCUIIIPTVDVHAXqhC_5V6lPA,1,1.0,1.0,0.0,0.0,-0.967,,,,,,,,,True
author::UCUoYsrx1oZnCZ0usbBJn4fA,autor,0,@AnaDiaz-re9sq,UCUoYsrx1oZnCZ0usbBJn4fA,1,1.0,1.0,1.0,0.0,-0.905,,,,,,,,,True
author::UCV0iizTBoOfdAFX_thfI9BA,autor,0,@BenjaminLarios-jd8nk,UCV0iizTBoOfdAFX_thfI9BA,1,1.0,1.0,0.0,0.0,-0.959,,,,,,,,,True
author::UCV0lM03g5fg5pbPj97-sAtA,autor,0,@genarodelgado3929,UCV0lM03g5fg5pbPj97-sAtA,1,1.0,1.0,1.0,0.0,0.788,,,,,,,,,True
author::UCV3fr-YOixFKCZBbJP1-X4w,autor,0,@albertoshernandez5251,UCV3fr-YOixFKCZBbJP1-X4w,5,1.0,1.0,17.0,0.0,0.389,,,,,,,,,True
author::UCVC2QugcI1G4RvlCiUqd1aQ,autor,0,@rwdm76,UCVC2QugcI1G4RvlCiUqd1aQ,2,1.0,1.0,0.0,0.0,0.115,,,,,,,,,True
author::UCVQf0tzL7xRzFJsABVVULpg,autor,0,@DennisseLopetegi,UCVQf0tzL7xRzFJsABVVULpg,1,1.0,1.0,0.0,0.0,-0.958,,,,,,,,,True
author::UCVdjCrh4tQoX3haNAZv-n5A,autor,0,@aurahernandez5646,UCVdjCrh4tQoX3haNAZv-n5A,1,1.0,1.0,3.0,1.0,0.947,,,,,,,,,True
author::UCVhif9eV0f8plICen2DnpKA,autor,0,@blogarteplus,UCVhif9eV0f8plICen2DnpKA,1,1.0,1.0,0.0,0.0,0.3,,,,,,,,,True
author::UCW-JC6lebVmf2P1dmY_L94g,autor,0,@dinoraoroxon5771,UCW-JC6lebVmf2P1dmY_L94g,1,1.0,1.0,0.0,0.0,0.881,,,,,,,,,True
author::UCW80DaMjQlEUibC98Cot-Dg,autor,0,@rogeraldana4289,UCW80DaMjQlEUibC98Cot-Dg,1,1.0,1.0,0.0,0.0,-0.977,,,,,,,,,True
author::UCWIZUtKJ636y-4TYrNvok0g,autor,0,@cesarandreas7824,UCWIZUtKJ636y-4TYrNvok0g,1,1.0,1.0,5.0,0.0,-0.88,,,,,,,,,True
author::UCWWkebAekppaL5b5CNlppuw,autor,0,@ninettmartinez425,UCWWkebAekppaL5b5CNlppuw,1,1.0,1.0,3.0,0.0,0.47,,,,,,,,,True
author::UCWaRixDdpgllTBf4V0jPnKQ,autor,0,@hectormaaz5523,UCWaRixDdpgllTBf4V0jPnKQ,2,1.0,1.0,0.0,0.0,-0.88,,,,,,,,,True
author::UCWoAVGVqCn4xtINCMOTM4jg,autor,0,@OmarMartinez-vv8re,UCWoAVGVqCn4xtINCMOTM4jg,1,1.0,1.0,0.0,0.0,-0.979,,,,,,,,,True
author::UCWvntqPQx99k_Z_skWKqNSA,autor,0,@AntonioChiyal-x5s,UCWvntqPQx99k_Z_skWKqNSA,1,1.0,1.0,2.0,1.0,0.137,,,,,,,,,True
author::UCXN2s7DwTJm33xO-pNkAdaA,autor,0,@edithsan7688,UCXN2s7DwTJm33xO-pNkAdaA,1,1.0,1.0,0.0,0.0,0.41,,,,,,,,,True
author::UCXO1BBohNWXkK9SBDAG2ySg,autor,0,@JBFlute92,UCXO1BBohNWXkK9SBDAG2ySg,1,1.0,1.0,0.0,0.0,0.944,,,,,,,,,True
author::UCXSkL3ejZ8qWYyF_M7s_QKA,autor,0,@JacintaTzoy,UCXSkL3ejZ8qWYyF_M7s_QKA,1,1.0,1.0,0.0,0.0,-0.966,,,,,,,,,True
author::UCXVLc8CmAO813ubM-fLvCDw,autor,0,@herminiasaquimux7565,UCXVLc8CmAO813ubM-fLvCDw,1,1.0,1.0,7.0,0.0,-0.956,,,,,,,,,True
author::UCXXh7yg5KUFIWylTiKVEFKQ,autor,0,@MrDuenderojo,UCXXh7yg5KUFIWylTiKVEFKQ,2,1.0,1.0,2.0,0.0,-0.753,,,,,,,,,True
author::UCXgr7vXlRrsaskPdo097kGA,autor,0,@Rogergh-nw4oj,UCXgr7vXlRrsaskPdo097kGA,1,1.0,1.0,0.0,0.0,-0.627,,,,,,,,,True
author::UCXl30Y_upRqbti52fmjK4YA,autor,0,@capitanfrans,UCXl30Y_upRqbti52fmjK4YA,1,1.0,1.0,0.0,0.0,0.567,,,,,,,,,True
author::UCXmrpc6Li0spcKxtS0Q_ptg,autor,0,@melvinperez6710,UCXmrpc6Li0spcKxtS0Q_ptg,1,1.0,1.0,10.0,0.0,0.847,,,,,,,,,True
author::UCXr8_5WtGeipe4haOoQDgyQ,autor,0,@amyherrera7352,UCXr8_5WtGeipe4haOoQDgyQ,1,1.0,1.0,0.0,0.0,-0.965,,,,,,,,,True
author::UCY7Hq7F9Lnucf-Yr6JkHZNw,autor,0,@maynorcalel1442,UCY7Hq7F9Lnucf-Yr6JkHZNw,1,1.0,1.0,79.0,0.0,0.028,,,,,,,,,True
author::UCYN4wSQ1Sx4_LurxLlW7MPg,autor,0,@belarminavillatoro6474,UCYN4wSQ1Sx4_LurxLlW7MPg,1,1.0,1.0,0.0,0.0,-0.951,,,,,,,,,True
author::UCYwpX26TrCxq8TvbKGRYLXA,autor,0,@beneficioelcaminovillacana8540,UCYwpX26TrCxq8TvbKGRYLXA,1,1.0,1.0,3.0,0.0,-0.844,,,,,,,,,True
author::UCZ51R_9Q9C0c8I3pAWhtmjQ,autor,0,@belvettzapeta1251,UCZ51R_9Q9C0c8I3pAWhtmjQ,1,1.0,1.0,8.0,0.0,0.971,,,,,,,,,True
author::UCZFQwqh90apuL8eFhvRBkUg,autor,0,@luisricardo9671,UCZFQwqh90apuL8eFhvRBkUg,1,1.0,1.0,9.0,0.0,-0.949,,,,,,,,,True
author::UCZIQnb1fkwe39Iw2TAu-bGA,autor,0,@jorgegomez2237,UCZIQnb1fkwe39Iw2TAu-bGA,1,1.0,1.0,1.0,0.0,-0.913,,,,,,,,,True
author::UCZLG9qH0tUjNhEGFIUt0CYw,autor,0,@SoniaMarroquin-y6e,UCZLG9qH0tUjNhEGFIUt0CYw,1,1.0,1.0,1.0,0.0,-0.234,,,,,,,,,True
author::UCZOmq6MwFDVoCaEl99BRRaw,autor,0,@daniloarevalo3170,UCZOmq6MwFDVoCaEl99BRRaw,1,1.0,1.0,0.0,0.0,-0.909,,,,,,,,,True
author::UCZeIIQrGAedW8tCbKWmGY-A,autor,0,@mariocordon8873,UCZeIIQrGAedW8tCbKWmGY-A,1,1.0,1.0,9.0,0.0,-0.935,,,,,,,,,True
author::UCZjm6U576nX8WOiLhmMR3bw,autor,0,@MariaNavarroYT,UCZjm6U576nX8WOiLhmMR3bw,1,1.0,1.0,3.0,1.0,-0.748,,,,,,,,,True
author::UC_3xuTXvMIWU5MYP9HkJ3vQ,autor,0,@Historia-wm4os,UC_3xuTXvMIWU5MYP9HkJ3vQ,1,1.0,1.0,4.0,0.0,0.961,,,,,,,,,True
author::UC_6KbBY1bsYXz9fwFS0eQRg,autor,0,@imrcp5694,UC_6KbBY1bsYXz9fwFS0eQRg,1,1.0,1.0,0.0,0.0,0.946,,,,,,,,,True
author::UC_LYoGs5C3mbZKZuKuqYCvw,autor,0,@javiercifuentesarchila6041,UC_LYoGs5C3mbZKZuKuqYCvw,1,1.0,1.0,7.0,0.0,0.693,,,,,,,,,True
author::UC_NRVt2UP88ZNTwzrZ66JSg,autor,0,@aditalissethevasquezrojas8039,UC_NRVt2UP88ZNTwzrZ66JSg,1,1.0,1.0,2.0,0.0,0.972,,,,,,,,,True
author::UC_ljZ1hZXR9pzexFz87P5ZA,autor,0,@ChRiStOpHeR7969,UC_ljZ1hZXR9pzexFz87P5ZA,1,1.0,1.0,0.0,0.0,-0.782,,,,,,,,,True
author::UCa36MjQLoPAmgJo-R3G8WQA,autor,0,@elsasalguero6914,UCa36MjQLoPAmgJo-R3G8WQA,1,1.0,1.0,3.0,0.0,0.785,,,,,,,,,True
author::UCaKAjTW9MVub_clgr4DRYjQ,autor,0,@josecastillo4390,UCaKAjTW9MVub_clgr4DRYjQ,1,1.0,1.0,6.0,0.0,0.737,,,,,,,,,True
author::UCaT4saRcyqCLE657Rq2hhZQ,autor,0,@elmilenial4064,UCaT4saRcyqCLE657Rq2hhZQ,1,1.0,1.0,0.0,0.0,0.561,,,,,,,,,True
author::UCaT6M2zp7X6r6Whd8Vv3kHQ,autor,0,@alexarcos8349,UCaT6M2zp7X6r6Whd8Vv3kHQ,1,1.0,1.0,1.0,0.0,0.851,,,,,,,,,True
author::UCat2qkYvqmtDNEmo2PVuhXw,autor,0,@DoraSalas-j5o,UCat2qkYvqmtDNEmo2PVuhXw,1,1.0,1.0,1.0,0.0,-0.426,,,,,,,,,True
author::UCbNanjFI51cwGqMAb2rOrBw,autor,0,@RosaMontesdeOca777,UCbNanjFI51cwGqMAb2rOrBw,1,1.0,1.0,0.0,0.0,0.761,,,,,,,,,True
author::UCbYoNG5J3Au5BqtbXogfEFw,autor,0,@Luis-gn3fj,UCbYoNG5J3Au5BqtbXogfEFw,1,1.0,1.0,1.0,0.0,-0.175,,,,,,,,,True
author::UCbrtvygfRT6QXqWDNrOf-cA,autor,0,@Alejandro00710,UCbrtvygfRT6QXqWDNrOf-cA,2,2.0,1.0,0.0,0.0,-0.98,,,,,,,,,True
author::UCcFIBN-rtC3d3hXeuN5TfWw,autor,0,@DenisRMC,UCcFIBN-rtC3d3hXeuN5TfWw,1,1.0,1.0,0.0,0.0,-0.943,,,,,,,,,True
author::UCc_F88PzGWtA1OPNUEASulA,autor,0,@rockyscarlet,UCc_F88PzGWtA1OPNUEASulA,1,1.0,1.0,0.0,0.0,-0.926,,,,,,,,,True
author::UCcfdg8crmMJwEuLUsAhV7yg,autor,0,@RolandoRaguay,UCcfdg8crmMJwEuLUsAhV7yg,1,1.0,1.0,1.0,0.0,-0.873,,,,,,,,,True
author::UCdFlugHJJa4l3YqWuNRmvXw,autor,0,@MarcosCarillo-b1r,UCdFlugHJJa4l3YqWuNRmvXw,2,2.0,2.0,0.0,1.0,-0.828,,,,,,,,,True
author::UCdQAuWwyC99MB7Y02Umj26Q,autor,0,@miguelbran1268,UCdQAuWwyC99MB7Y02Umj26Q,1,1.0,1.0,0.0,0.0,-0.8,,,,,,,,,True
author::UCe8JZoYkX5oKUZyivHYdXhw,autor,0,@FernandoGarcia-jg1fj,UCe8JZoYkX5oKUZyivHYdXhw,1,1.0,1.0,0.0,0.0,-0.947,,,,,,,,,True
author::UCeDNEtI8_a42bZ47wJiJMwQ,autor,0,@EdgarcalderonCalderong,UCeDNEtI8_a42bZ47wJiJMwQ,1,1.0,1.0,0.0,0.0,-0.35,,,,,,,,,True
author::UCeQk-WfEA-cJRq4EKeE7TOw,autor,0,@franciscojuarez9223,UCeQk-WfEA-cJRq4EKeE7TOw,1,1.0,1.0,0.0,0.0,-0.967,,,,,,,,,True
author::UCefAH1MbvADWUjE9WVcB9EQ,autor,0,@jabriz8152,UCefAH1MbvADWUjE9WVcB9EQ,1,1.0,1.0,0.0,0.0,-0.977,,,,,,,,,True
author::UCf5lnNZF7Qrtli9v4N_23WQ,autor,0,@CarlosCortez-v5r,UCf5lnNZF7Qrtli9v4N_23WQ,1,1.0,1.0,0.0,0.0,-0.538,,,,,,,,,True
author::UCfM3nrxtTQMY5jFx1v1J4Gg,autor,0,@edgarroldan5539,UCfM3nrxtTQMY5jFx1v1J4Gg,1,1.0,1.0,0.0,0.0,-0.859,,,,,,,,,True
author::UCfRqgt2O-vjzUDMZY_tnxQw,autor,0,@Williams-Garcia67E,UCfRqgt2O-vjzUDMZY_tnxQw,1,1.0,1.0,0.0,0.0,-0.713,,,,,,,,,True
author::UCfXykdbSU97rj987LDUGfvg,autor,0,@MariaSantos-c8y3h,UCfXykdbSU97rj987LDUGfvg,1,1.0,1.0,1.0,0.0,-0.918,,,,,,,,,True
author::UCfjhejO7LZy4doXURa7LZCQ,autor,0,@HonwayLee-z5g,UCfjhejO7LZy4doXURa7LZCQ,1,1.0,1.0,0.0,0.0,-0.108,,,,,,,,,True
author::UCfo_yUPzy1f1POwwZxhZ06Q,autor,0,@lara11roberto,UCfo_yUPzy1f1POwwZxhZ06Q,1,1.0,1.0,1.0,0.0,-0.602,,,,,,,,,True
author::UCg3eIfd7BrsLEqS0BLkftHA,autor,0,@ErmePérez-q4s,UCg3eIfd7BrsLEqS0BLkftHA,3,1.0,1.0,0.0,0.0,-0.658,,,,,,,,,True
author::UCgGqw4aqMdMVSGkKiMgrJRQ,autor,0,@pattyfigueroa5609,UCgGqw4aqMdMVSGkKiMgrJRQ,1,1.0,1.0,0.0,0.0,0.871,,,,,,,,,True
author::UCgJNFj5dnxXpcMvmuhZDPxA,autor,0,@NataliaRodriguez-rx5mr,UCgJNFj5dnxXpcMvmuhZDPxA,1,1.0,1.0,1.0,0.0,0.905,,,,,,,,,True
author::UCgLrWFdYitoP-b7-PxtUr-w,autor,0,@zetag,UCgLrWFdYitoP-b7-PxtUr-w,1,1.0,1.0,405.0,3.0,0.073,,,,,,,,,True
author::UCgLurCo-e019HGODcjXHWCw,autor,0,@perritojuega1,UCgLurCo-e019HGODcjXHWCw,1,1.0,1.0,2.0,0.0,0.007,,,,,,,,,True
author::UCgQJgI9vu1FI2dnC9mrFthw,autor,0,@srms70,UCgQJgI9vu1FI2dnC9mrFthw,1,1.0,1.0,2.0,0.0,-0.879,,,,,,,,,True
author::UCgQw_Sbq3ugruDUKsq1e0-A,autor,0,@marlenareano-h4t,UCgQw_Sbq3ugruDUKsq1e0-A,1,1.0,1.0,0.0,0.0,-0.975,,,,,,,,,True
author::UCgvw7xIdGFupzpt1Y_BFkEA,autor,0,@fredygarcia9151,UCgvw7xIdGFupzpt1Y_BFkEA,1,1.0,1.0,1.0,0.0,0.595,,,,,,,,,True
author::UCh5ESQvtzyHDhCA7XyekCFA,autor,0,@andyB5280,UCh5ESQvtzyHDhCA7XyekCFA,3,1.0,1.0,4.0,0.0,-0.865,,,,,,,,,True
author::UChT7pzGytNd92Nmvi-zuWog,autor,0,@sparkvalkov,UChT7pzGytNd92Nmvi-zuWog,1,1.0,1.0,1.0,0.0,0.239,,,,,,,,,True
author::UChZknRmJkeGeQk0-mQuhDOg,autor,0,@OdilioRodríguez-c5w,UChZknRmJkeGeQk0-mQuhDOg,1,1.0,1.0,1.0,0.0,-0.928,,,,,,,,,True
author::UCheEJ5GZuIvV0fj-nXyVwXw,autor,0,@rosaoliva9389,UCheEJ5GZuIvV0fj-nXyVwXw,1,1.0,1.0,0.0,0.0,0.136,,,,,,,,,True
author::UChep9kVb5gQmpodEEl10Xlg,autor,0,@carlosaguilar-kz7ml,UChep9kVb5gQmpodEEl10Xlg,1,1.0,1.0,0.0,0.0,-0.945,,,,,,,,,True
author::UChgkn5Jt5tWKYMoEOuCjz3Q,autor,0,@pablochitay46,UChgkn5Jt5tWKYMoEOuCjz3Q,1,1.0,1.0,2.0,0.0,0.767,,,,,,,,,True
author::UChs3tU2BcKOT0CezykvAsGw,autor,0,@byronpontaza,UChs3tU2BcKOT0CezykvAsGw,3,1.0,1.0,4.0,0.0,-0.401,,,,,,,,,True
author::UChyps3dqY-VY1_wLeq-2lhw,autor,0,@maydamorales4395,UChyps3dqY-VY1_wLeq-2lhw,1,1.0,1.0,14.0,1.0,0.217,,,,,,,,,True
author::UCi-vPdnpQreC7BkFs40mJGA,autor,0,@bryansicasales4280,UCi-vPdnpQreC7BkFs40mJGA,1,1.0,1.0,35.0,0.0,0.976,,,,,,,,,True
author::UCi1b_TRQfgO1Z9O2gNGGWNA,autor,0,@davidisraelesquitsaquil,UCi1b_TRQfgO1Z9O2gNGGWNA,2,1.0,1.0,0.0,0.0,-0.791,,,,,,,,,True
author::UCi2KiZq63sRq8Mfbcp-MelQ,autor,0,@eugeneramirez4405,UCi2KiZq63sRq8Mfbcp-MelQ,6,1.0,1.0,1.0,0.0,-0.481,,,,,,,,,True
author::UCiC-Jn7wdgyQV4_Urk0DkWQ,autor,0,@pedroros6358,UCiC-Jn7wdgyQV4_Urk0DkWQ,1,1.0,1.0,1.0,0.0,-0.077,,,,,,,,,True
author::UCiGRBf2RNF0WRKhRVT7zFoA,autor,0,@edwinavila4876,UCiGRBf2RNF0WRKhRVT7zFoA,1,1.0,1.0,0.0,0.0,-0.954,,,,,,,,,True
author::UCiMythXHsw7eQEMykCdmMUA,autor,0,@JavierBecerra-h6x,UCiMythXHsw7eQEMykCdmMUA,1,1.0,1.0,2.0,0.0,0.31,,,,,,,,,True
author::UCiOZX__1gahg1ypIj0_XG_w,autor,0,@mariogonzalezorellana8956,UCiOZX__1gahg1ypIj0_XG_w,1,1.0,1.0,1.0,0.0,0.081,,,,,,,,,True
author::UCipetjeiWj4CZB6EbyYziZg,autor,0,@OseasSamayoa-ol5rz,UCipetjeiWj4CZB6EbyYziZg,1,1.0,1.0,0.0,0.0,-0.971,,,,,,,,,True
author::UCj-LL25XJnjxepPKCc3NGog,autor,0,@anaaguirre8985,UCj-LL25XJnjxepPKCc3NGog,1,1.0,1.0,1.0,0.0,-0.039,,,,,,,,,True
author::UCjJf-AJKRFFWtiN-CSwkDmA,autor,0,@2jose82,UCjJf-AJKRFFWtiN-CSwkDmA,1,1.0,1.0,0.0,0.0,-0.872,,,,,,,,,True
author::UCjSKM9j0Q7HLDr1hD6D-TUw,autor,0,@josehidalgo4875,UCjSKM9j0Q7HLDr1hD6D-TUw,1,1.0,1.0,2.0,0.0,-0.947,,,,,,,,,True
author::UCjZgFEowMBrsjodqfovzdKw,autor,0,@franciscoflores3120,UCjZgFEowMBrsjodqfovzdKw,2,2.0,2.0,0.0,0.0,0.099,,,,,,,,,True
author::UCjmPuazZJzscrwvk0QR9RVw,autor,0,@mynorrodas8591,UCjmPuazZJzscrwvk0QR9RVw,1,1.0,1.0,2.0,0.0,-0.971,,,,,,,,,True
author::UCk4O-J1BhoqPmig1KLGJePA,autor,0,@lazarobarillas3575,UCk4O-J1BhoqPmig1KLGJePA,1,1.0,1.0,0.0,0.0,-0.545,,,,,,,,,True
author::UCkVtmkK07b2zaVVNssX4lOg,autor,0,@HectorElias-u2l,UCkVtmkK07b2zaVVNssX4lOg,1,1.0,1.0,0.0,0.0,-0.965,,,,,,,,,True
author::UCkbsS_3D-pvg1iHOld9uvIg,autor,0,@gonzalo6075,UCkbsS_3D-pvg1iHOld9uvIg,1,1.0,1.0,0.0,0.0,-0.671,,,,,,,,,True
author::UCkd9W714-947dEE6ZOEBATA,autor,0,@ARGELIATELON,UCkd9W714-947dEE6ZOEBATA,2,1.0,1.0,3.0,0.0,-0.933,,,,,,,,,True
author::UCkxdJ_yGN2gghOMo2ybQtXQ,autor,0,@11223344An,UCkxdJ_yGN2gghOMo2ybQtXQ,1,1.0,1.0,1.0,0.0,-0.904,,,,,,,,,True
author::UCl0ekS9Tt0jJGtOEM18S63w,autor,0,@monkchapin,UCl0ekS9Tt0jJGtOEM18S63w,1,1.0,1.0,0.0,0.0,-0.013,,,,,,,,,True
author::UCld2stqxaVSk0QdGncM224A,autor,0,@sarahernandez3873,UCld2stqxaVSk0QdGncM224A,1,1.0,1.0,4.0,0.0,0.965,,,,,,,,,True
author::UClhMWQ7XKWywYvbRnuf8QsA,autor,0,@EcPerez-zz9oh,UClhMWQ7XKWywYvbRnuf8QsA,1,1.0,1.0,0.0,0.0,-0.172,,,,,,,,,True
author::UCljDbleJul41G1TzOjOZAVA,autor,0,@hectorcarranza3777,UCljDbleJul41G1TzOjOZAVA,1,1.0,1.0,1.0,0.0,-0.964,,,,,,,,,True
author::UClqA491Xa5fQcXcJJa-vTWw,autor,0,@AndresLemus-k2d,UClqA491Xa5fQcXcJJa-vTWw,1,1.0,1.0,0.0,0.0,-0.956,,,,,,,,,True
author::UClsrFGJKWPxxw7MiaEdKLXw,autor,0,@ericapaz5406,UClsrFGJKWPxxw7MiaEdKLXw,1,1.0,1.0,3.0,2.0,-0.885,,,,,,,,,True
author::UCmjppp6ujz3SAnULvP3sZMw,autor,0,@marcomendez7509,UCmjppp6ujz3SAnULvP3sZMw,1,1.0,1.0,0.0,0.0,-0.929,,,,,,,,,True
author::UCmvOgzmmXbjUthHy-WJ52hQ,autor,0,@mariorodas593,UCmvOgzmmXbjUthHy-WJ52hQ,1,1.0,1.0,1.0,0.0,-0.778,,,,,,,,,True
author::UCnU8wO1OurAmGstDw6VGjgQ,autor,0,@cmorera21,UCnU8wO1OurAmGstDw6VGjgQ,1,1.0,1.0,0.0,0.0,0.324,,,,,,,,,True
author::UCoGdCoJg2Lh0OX_jv6cG16g,autor,0,@Israel-u5i7i,UCoGdCoJg2Lh0OX_jv6cG16g,2,1.0,1.0,2.0,0.0,0.252,,,,,,,,,True
author::UColMq7LmaoY3MT6aIDGrGvA,autor,0,@quijotachapina1,UColMq7LmaoY3MT6aIDGrGvA,1,1.0,1.0,0.0,0.0,-0.965,,,,,,,,,True
author::UCozFYHN0e_-vlQbX3wQGOug,autor,0,@jesusguzman2321,UCozFYHN0e_-vlQbX3wQGOug,1,1.0,1.0,5.0,2.0,-0.955,,,,,,,,,True
author::UCp29O_C7cchZV8IxV7Crdag,autor,0,@robertoescobar5507,UCp29O_C7cchZV8IxV7Crdag,2,1.0,1.0,0.0,0.0,0.368,,,,,,,,,True
author::UCp4iw5_5SmV9VGTFSNVGOmQ,autor,0,@CARLOSSTREMS51,UCp4iw5_5SmV9VGTFSNVGOmQ,1,1.0,1.0,0.0,0.0,-0.825,,,,,,,,,True
author::UCpIdtvoFHVLGASGB5ySqIEA,autor,0,@VidalVillatoro-p4w,UCpIdtvoFHVLGASGB5ySqIEA,1,1.0,1.0,1.0,0.0,-0.969,,,,,,,,,True
author::UCp_dAUfv8i3LW3zWc24dLaQ,autor,0,@MarioCortez-o6v,UCp_dAUfv8i3LW3zWc24dLaQ,1,1.0,1.0,1.0,0.0,-0.383,,,,,,,,,True
author::UCpe5jW3MIqkgTJ-PgkzvM6Q,autor,0,@carloslam5333,UCpe5jW3MIqkgTJ-PgkzvM6Q,1,1.0,1.0,1.0,0.0,-0.684,,,,,,,,,True
author::UCpl8rF8uv_8uui-QRvuJaRA,autor,0,@SergioGarcia-z9c,UCpl8rF8uv_8uui-QRvuJaRA,1,1.0,1.0,0.0,0.0,0.911,,,,,,,,,True
author::UCplrIQtaPj6au60_f2-mOYw,autor,0,@romeolopezherrarte799,UCplrIQtaPj6au60_f2-mOYw,1,1.0,1.0,0.0,0.0,-0.833,,,,,,,,,True
author::UCpsKOkt5iWTbenzeuq7dsmQ,autor,0,@inge_vergueta,UCpsKOkt5iWTbenzeuq7dsmQ,3,3.0,1.0,4.0,0.0,-0.048,,,,,,,,,True
author::UCq3mDTTRZnUybct5M9OSXbg,autor,0,@MacoMorales-i2i2d,UCq3mDTTRZnUybct5M9OSXbg,1,1.0,1.0,1.0,0.0,-0.33,,,,,,,,,True
author::UCqCrvuoJpC-aVb0f4logQRQ,autor,0,@Lyrics_GT,UCqCrvuoJpC-aVb0f4logQRQ,1,1.0,1.0,0.0,0.0,-0.832,,,,,,,,,True
author::UCqilIa8r7iek5sGYg_q6ofA,autor,0,@rolandojuchuna484,UCqilIa8r7iek5sGYg_q6ofA,1,1.0,1.0,52.0,1.0,0.84,,,,,,,,,True
author::UCql1n3Ey6ULMSOACjMe-fxQ,autor,0,@RolandoGonzalez-o7g,UCql1n3Ey6ULMSOACjMe-fxQ,1,1.0,1.0,6.0,7.0,-0.96,,,,,,,,,True
author::UCr1emrogPKkKTs_WTtx71xg,autor,0,@domingopeneleu6457,UCr1emrogPKkKTs_WTtx71xg,1,1.0,1.0,0.0,0.0,-0.291,,,,,,,,,True
author::UCrJn_rbo_ENAdeqneS-RmRw,autor,0,@josecarrera9623,UCrJn_rbo_ENAdeqneS-RmRw,2,1.0,1.0,1.0,0.0,-0.949,,,,,,,,,True
author::UCrqXyRsg-_hTosURZ-uvoKg,autor,0,@flornolberto2425,UCrqXyRsg-_hTosURZ-uvoKg,1,1.0,1.0,0.0,0.0,-0.948,,,,,,,,,True
author::UCsGoJEvb-cFPZ2rWoJcXzEQ,autor,0,@sergiohinestroza9709,UCsGoJEvb-cFPZ2rWoJcXzEQ,1,1.0,1.0,10.0,0.0,0.956,,,,,,,,,True
author::UCsJJAvrVGupdmhOqgtDp8dg,autor,0,@nestorlorenzana1168,UCsJJAvrVGupdmhOqgtDp8dg,1,1.0,1.0,1.0,0.0,-0.56,,,,,,,,,True
author::UCsSXdJct-nsS8DsABoEsaYA,autor,0,@IvánPérez-j4j,UCsSXdJct-nsS8DsABoEsaYA,1,1.0,1.0,2.0,1.0,0.022,,,,,,,,,True
author::UCsUCN0Yq_UyTvKjOJLmNrnQ,autor,0,@moisesvaldez4043,UCsUCN0Yq_UyTvKjOJLmNrnQ,2,2.0,2.0,0.0,0.0,-0.846,,,,,,,,,True
author::UCs_5qeqdku9tGAq22y3OcuQ,autor,0,@alexandrevasquez4135,UCs_5qeqdku9tGAq22y3OcuQ,1,1.0,1.0,4.0,0.0,0.971,,,,,,,,,True
author::UCsjs5Hp_r86x1xbK6FAeqaA,autor,0,@alvaroesquivel563,UCsjs5Hp_r86x1xbK6FAeqaA,1,1.0,1.0,2.0,0.0,-0.965,,,,,,,,,True
author::UCtCtts20bW6F9CSohau51Iw,autor,0,@carlosgranados9875,UCtCtts20bW6F9CSohau51Iw,2,1.0,1.0,0.0,0.0,-0.378,,,,,,,,,True
author::UCtMBF_1O2jY2INlb_luuB_A,autor,0,@mynorgudiel8646,UCtMBF_1O2jY2INlb_luuB_A,1,1.0,1.0,15.0,0.0,0.617,,,,,,,,,True
author::UCtNfIBnc5S5DbbQj_yxgJTw,autor,0,@JosueRamirez-ey3ih,UCtNfIBnc5S5DbbQj_yxgJTw,1,1.0,1.0,1.0,0.0,-0.331,,,,,,,,,True
author::UCtNyHmRZtvGF2hSvI2dUBWw,autor,0,@aureliomaldonado4793,UCtNyHmRZtvGF2hSvI2dUBWw,2,1.0,1.0,1.0,0.0,-0.485,,,,,,,,,True
author::UCtUR3_CAiE7fCoZHM6cMfyQ,autor,0,@mdelcid01,UCtUR3_CAiE7fCoZHM6cMfyQ,1,1.0,1.0,10.0,0.0,-0.867,,,,,,,,,True
author::UCtiHFjFu7d5v2XxHnKFUYig,autor,0,@Paul-gf7ec,UCtiHFjFu7d5v2XxHnKFUYig,1,1.0,1.0,0.0,0.0,-0.189,,,,,,,,,True
author::UCtowGNY2lnlg6O2CkwDgkLg,autor,0,@taniagabrielacelis8434,UCtowGNY2lnlg6O2CkwDgkLg,1,1.0,1.0,2.0,0.0,0.958,,,,,,,,,True
author::UCtsxPYw8VUsH_FfnKg-0lmw,autor,0,@AlejandroPérez-b6r,UCtsxPYw8VUsH_FfnKg-0lmw,1,1.0,1.0,2.0,0.0,-0.405,,,,,,,,,True
author::UCu8_3-Wg-YzNyvHYQDEscfw,autor,0,@RolandoCastroPérez-d7y,UCu8_3-Wg-YzNyvHYQDEscfw,1,1.0,1.0,2.0,0.0,-0.919,,,,,,,,,True
author::UCuP4UK33HKtJE_S39ksmaTw,autor,0,@herbertaguilar1387,UCuP4UK33HKtJE_S39ksmaTw,1,1.0,1.0,0.0,0.0,-0.97,,,,,,,,,True
author::UCuXmOjxC-htcprLgeVXz6Tg,autor,0,@jorgeaguilar-bq3uj,UCuXmOjxC-htcprLgeVXz6Tg,1,1.0,1.0,1.0,0.0,-0.805,,,,,,,,,True
author::UCueV9cTyTDwgQSec1x2dYgA,autor,0,@fredydomingo7062,UCueV9cTyTDwgQSec1x2dYgA,1,1.0,1.0,0.0,0.0,-0.669,,,,,,,,,True
author::UCujPF2nBgsTD62nWE3lcpIg,autor,0,@victorarturoruanobautista7588,UCujPF2nBgsTD62nWE3lcpIg,1,1.0,1.0,0.0,0.0,-0.887,,,,,,,,,True
author::UCusjriFsDHEc2AOjqk-p5ig,autor,0,@pablobarrios7931,UCusjriFsDHEc2AOjqk-p5ig,1,1.0,1.0,2.0,0.0,-0.852,,,,,,,,,True
author::UCut6b9S98nv84cVX89PmKzA,autor,0,@yeniferaguirre4498,UCut6b9S98nv84cVX89PmKzA,2,1.0,1.0,1.0,0.0,-0.93,,,,,,,,,True
author::UCvApqeCbLod-wejtT4CcVuA,autor,0,@davidgaher9550,UCvApqeCbLod-wejtT4CcVuA,1,1.0,1.0,15.0,0.0,-0.958,,,,,,,,,True
author::UCvDwJBBY1mHK70aTEYl6rsA,autor,0,@cristianescobedo8296,UCvDwJBBY1mHK70aTEYl6rsA,1,1.0,1.0,1.0,0.0,0.098,,,,,,,,,True
author::UCvcu1kR8xMYy_I1Ty-2mV2Q,autor,0,@hashojea7348,UCvcu1kR8xMYy_I1Ty-2mV2Q,4,3.0,1.0,0.0,0.0,0.46,,,,,,,,,True
author::UCvl1tzQeBeGy6efPTRJXSCw,autor,0,@RaulPerez-cw2vi,UCvl1tzQeBeGy6efPTRJXSCw,1,1.0,1.0,0.0,0.0,-0.959,,,,,,,,,True
author::UCwCfs-2zbD5k0lG-UVg_JBw,autor,0,@JessicaHuaz-96,UCwCfs-2zbD5k0lG-UVg_JBw,1,1.0,1.0,0.0,0.0,0.483,,,,,,,,,True
author::UCwEe1RKlEv1UpNWmWYfSh4w,autor,0,@marioramirez299,UCwEe1RKlEv1UpNWmWYfSh4w,1,1.0,1.0,0.0,0.0,-0.897,,,,,,,,,True
author::UCwO2SXr0ggzwg6QWWrr01nQ,autor,0,@ricardofigueroa5720,UCwO2SXr0ggzwg6QWWrr01nQ,1,1.0,1.0,11.0,0.0,-0.89,,,,,,,,,True
author::UCwUAv3_LpWVtTIi7lkmTL7A,autor,0,@kingr4706,UCwUAv3_LpWVtTIi7lkmTL7A,1,1.0,1.0,16.0,0.0,0.628,,,,,,,,,True
author::UCwW2OFy95P7ZBkOPxWkpvYg,autor,0,@TeresaLucero-b5o,UCwW2OFy95P7ZBkOPxWkpvYg,2,1.0,1.0,2.0,0.0,-0.442,,,,,,,,,True
author::UCwgCc9Jd_gG-uLE_SY-FfPg,autor,0,@armindapenados2841,UCwgCc9Jd_gG-uLE_SY-FfPg,1,1.0,1.0,0.0,0.0,-0.863,,,,,,,,,True
author::UCwha8rxULYMVtNwZWeSkE1A,autor,0,@mariasamo8637,UCwha8rxULYMVtNwZWeSkE1A,1,1.0,1.0,0.0,0.0,-0.851,,,,,,,,,True
author::UCwjUvRseNtJoItylIyIez7Q,autor,0,@Silviazea,UCwjUvRseNtJoItylIyIez7Q,1,1.0,1.0,0.0,0.0,-0.832,,,,,,,,,True
author::UCwxoKK59nGCeBqB2sXfDBIw,autor,0,@vic-bonivideos,UCwxoKK59nGCeBqB2sXfDBIw,1,1.0,1.0,0.0,1.0,-0.958,,,,,,,,,True
author::UCxKR3RA8T-kxMgq_2WWhRcQ,autor,0,@elenaluarca9377,UCxKR3RA8T-kxMgq_2WWhRcQ,1,1.0,1.0,329.0,5.0,0.973,,,,,,,,,True
author::UCxcoDvP-g2_KTZDmVZtvb3w,autor,0,@angelmartinez9523,UCxcoDvP-g2_KTZDmVZtvb3w,1,1.0,1.0,0.0,0.0,-0.93,,,,,,,,,True
author::UCxff05WuyvwELNITi7bj7UA,autor,0,@markoherrera,UCxff05WuyvwELNITi7bj7UA,1,1.0,1.0,3.0,0.0,-0.957,,,,,,,,,True
author::UCxhtlxPV8AYWaNNyU6S9H8Q,autor,0,@WilR-s8r,UCxhtlxPV8AYWaNNyU6S9H8Q,1,1.0,1.0,0.0,0.0,-0.404,,,,,,,,,True
author::UCyJhqmMbsvjpoarBBStA2kg,autor,0,@Murmullodelbarrio,UCyJhqmMbsvjpoarBBStA2kg,6,1.0,1.0,14.0,0.0,-0.314,,,,,,,,,True
author::UCySYJU5kUh7X8gVt9la2ISA,autor,0,@dantesarti4351,UCySYJU5kUh7X8gVt9la2ISA,1,1.0,1.0,0.0,0.0,-0.785,,,,,,,,,True
author::UCyW68EGZey4ao_Vf2cR5Ztg,autor,0,@ZabalaXabier,UCyW68EGZey4ao_Vf2cR5Ztg,1,1.0,1.0,0.0,0.0,-0.95,,,,,,,,,True
author::UCylqlpsh8ENNM1LqgQ1KbxA,autor,0,@Jel.Awesh.M,UCylqlpsh8ENNM1LqgQ1KbxA,3,2.0,1.0,1.0,0.0,-0.673,,,,,,,,,True
author::UCyor0Mmm0ivLX2jIdyGp84Q,autor,0,@MiguelJordan-n3g,UCyor0Mmm0ivLX2jIdyGp84Q,1,1.0,1.0,0.0,0.0,-0.955,,,,,,,,,True
author::UCyzf29IYjNw67gGIfsjgtxA,autor,0,@carlosoliva9249,UCyzf29IYjNw67gGIfsjgtxA,1,1.0,1.0,45.0,0.0,0.793,,,,,,,,,True
author::UCz3gu01bmjNv0DpRq-K3XYg,autor,0,@eusebiovasquez4385,UCz3gu01bmjNv0DpRq-K3XYg,2,1.0,1.0,2.0,0.0,-0.768,,,,,,,,,True
author::UCzSfZlOVxBSs5ObD25ywxDQ,autor,0,@GilmarMaldonado-q9m,UCzSfZlOVxBSs5ObD25ywxDQ,1,1.0,1.0,0.0,0.0,-0.962,,,,,,,,,True
author::UCzZ6dDCEsLMXbc5pCFXIprw,autor,0,@josegil3813,UCzZ6dDCEsLMXbc5pCFXIprw,2,2.0,1.0,0.0,0.0,-0.082,,,,,,,,,True
author::UCzoL2l5H5eVlorWGH8AZfAg,autor,0,@jor77cas,UCzoL2l5H5eVlorWGH8AZfAg,1,1.0,1.0,6.0,0.0,-0.978,,,,,,,,,True
video::-5puKGEqcUc,video,1,INSIVUMEH pronostica incremento de lluvias para el fin de s…,-5puKGEqcUc,,,,,,,UCq0Cm-3SKthEySQc2JZBi1A,T13 Noticias Guatemala,News & Politics,topic,2357,0.0,0.0,False,False
video::-E7OPOLjMug,video,1,BERNARDO ARÉVALO CALIFICA CAMBIO EN EL MP COMO EL FIN DE UN…,-E7OPOLjMug,,,,,,,UCgItjn_ZWFWcv1MlpKIkqgQ,IDocumenta,People & Blogs,topic,4,0.0,0.0,False,False
video::-KDglrIzRKo,video,1,¡HISTÓRICO! Mexico recupera petróleo robado por Guatemala..…,-KDglrIzRKo,,,,,,,UC-DpoeBbCMOMOH1-j71KPqA,México Poder,People & Blogs,topic,29736,0.0,0.0,False,False
video::-O4Pa7qS9WQ,video,1,"Viaje completo Ciudad de Guatemala al IRTRA de Retalhuleu, …",-O4Pa7qS9WQ,,,,,,,UCSQM9AVr3rr7_GF8RH5KFGw,Guate Maya Trip,Nonprofits & Activism,topic,383,0.0,0.0,False,False
video::06mFNPU0aB8,video,1,Capturan a presuntos delincuentes disfrazados de mujer seña…,06mFNPU0aB8,,,,,,-0.17652684789417045,UCVpSRoZgngfSL03Nlbjtq9A,Noti7,News & Politics,topic,6692,14.0,13.0,True,True
video::0LTLUY7LBlA,video,1,Qué debes saber ANTES de viajar a GUATEMALA | Dónde cambiar…,0LTLUY7LBlA,,,,,,,UCfMjuFkpFo_QAWtvQqR2EHQ,De viaje con Migue,Travel & Events,topic,6099,0.0,0.0,False,False
video::0a4_g1R1-aA,video,1,Acciones relevantes en el #Resumen24Horas,0a4_g1R1-aA,,,,,,,UCHsYnV67K3J0yJ4QeciVCww,PNCdeGuatemala,Science & Technology,official_gov,15455,0.0,0.0,False,False
video::0b2vfzXdCqs,video,1,Cadena Nacional del presidente Bernardo Arévalo,0b2vfzXdCqs,,,,,,,UC-ZtFBHzgkYFh7whZkuR_Ag,Gobierno de la República de Guatemala,Entertainment,topic,2725,0.0,0.0,False,False
video::0eiVPMexNOo,video,1,CONRED se pronuncia tras sismos en el territorio nacional,0eiVPMexNOo,,,,,,,UCt5Dw7ePnn0AqPqRF8Xpjkw,TN23 Guatemala,News & Politics,official_gov,1875,0.0,0.0,False,False
video::0iQD8zHxZIg,video,1,SE FILTRO un AUDIO de PANDILLEROS en Guatemala | DISPUTA PO…,0iQD8zHxZIg,,,,,,,UCoVACVT8WitFTc_Ok5yhYlg,Tras la Verdad SV,News & Politics,topic,36701,0.0,0.0,False,False
video::1-hr8eCOt_I,video,1,Este es el impacto ante el incremento del tráfico en la cap…,1-hr8eCOt_I,,,,,,,UCwkVsH8aIOco3U_Fu7-UW5w,AztecaGuate,Entertainment,topic,289,0.0,0.0,False,False
video::1HQLJycvzaQ,video,1,Conferencia de Prensa del Gobierno de Guatemala. #LaRondaGt,1HQLJycvzaQ,,,,,,,UC-ZtFBHzgkYFh7whZkuR_Ag,Gobierno de la República de Guatemala,Entertainment,topic,1175,0.0,0.0,False,False
video::1kSG-naIgqk,video,1,PRIMERA SEDE MIGRATORIA REGIONAL EN CHIQUIMULA,1kSG-naIgqk,,,,,,,UCWYeiFUCO0SW6BxZ8aPxVTw,Vicepresidencia Guate,Entertainment,topic,48,0.0,0.0,False,False
video::1w9faaYjhyU,video,1,Fundación de la República de Guatemala 21 marzo 1847,1w9faaYjhyU,,,,,,,UCdHETJl6cR5dye5XxEyqycQ,El profe de Historia Gt,People & Blogs,topic,31697,0.0,0.0,False,False
video::1y61Kb9uSbg,video,1,Departamento de Tránsito de PNC certifica a 43 PMT en Educa…,1y61Kb9uSbg,,,,,,,UC8u2nvyHewt-mjdWSj0HJmQ,Ministerio de Gobernación,News & Politics,official_gov,471,0.0,0.0,False,False
video::1yHN9Ci7pXs,video,1,Municipalidad de Guatemala informa,1yHN9Ci7pXs,,,,,,,UCXa6LVjBzUtmcM3cwbd9e2w,Municipalidad de Guatemala,People & Blogs,topic,1617,0.0,0.0,False,False
video::2iqOSL9YguA,video,1,Gabriel García Luna ya está en el MP para asumir como nuevo…,2iqOSL9YguA,,,,,,,UCDaIW3kDab95q7iCSeVAnbQ,Guatevisión,Entertainment,topic,5181,0.0,0.0,False,False
video::2n31FhKmELI,video,1,TRÁFICO EN GUATEMALA,2n31FhKmELI,,,,,,,UC96TdbkzdlngA9hT1XNzJkw,Fralis Maxiel Martinez,People & Blogs,topic,512,0.0,0.0,False,False
video::2p23yPpu6aQ,video,1,#Conred,2p23yPpu6aQ,,,,,,,UC7PbHMtfWgBFZ_SSZ8iRhQg,Noticias-FA-Gt,People & Blogs,official_gov,164,0.0,0.0,False,False
video::3-jKER3zqcA,video,1,VECINO VRS AGENTES DE LA PMT EN MAZATENANGO,3-jKER3zqcA,,,,,,,UC-YGRGi0FeIA5441bGlHOPw,audioschileros,People & Blogs,official_gov,70811,0.0,0.0,False,False
video::3LAwISMokIg,video,1,MUNICIPALIDAD DE GUATEMALA 17/12/2025,3LAwISMokIg,,,,,,,UCW_PHqwqCCalvQGOEsVU0jw,Concejales de Oposición - Muni Guate,People & Blogs,topic,294,0.0,0.0,False,False
video::3Nfp9h5avBI,video,1,"Noticiero en Directo 1 pm, 28 de Agosto de 2026",3Nfp9h5avBI,,,,,,-0.5193295222707093,UCdSVqHGHzyMTXSafUHY-e-w,Noticiero Guatevisión 13 Hrs.,News & Politics,topic,573,2.0,2.0,True,True
video::3P2OUk7aGmc,video,1,Presidente presenta Segundo Informe Presidencial en Sesión …,3P2OUk7aGmc,,,,,,,UC-ZtFBHzgkYFh7whZkuR_Ag,Gobierno de la República de Guatemala,Entertainment,topic,2838,0.0,0.0,False,False
video::3S3KygWSjAQ,video,1,Himno de la Policía Nacional Civil de Guatemala,3S3KygWSjAQ,,,,,,,UCHsYnV67K3J0yJ4QeciVCww,PNCdeGuatemala,News & Politics,official_gov,53021,0.0,0.0,False,False
video::3bU7I_ZpXUk,video,1,Congreso inicia proceso para nombrar a nuevo Fiscal General…,3bU7I_ZpXUk,,,,,,,UCEepOY2svuxbsJ-zsAPT9Fg,PrensaLibreOficial,News & Politics,topic,7465,0.0,0.0,False,False
video::3onMfRym3OU,video,1,PRIMER PUENTE DONDE ARRIBA VA EL TRÁFICO Y ABAJO UN TREN EN…,3onMfRym3OU,,,,,,,UCH1AYkCs1GpNK_xUwFYTsaQ,Cronos Time GT,Education,topic,4484,0.0,0.0,False,False
video::45xQLtMlPdo,video,1,"PRESIDENTE DE GUATEMALA, BERNARDO ARÉVALO SE REFIERE AL “DÍ…",45xQLtMlPdo,,,,,,,UCgItjn_ZWFWcv1MlpKIkqgQ,IDocumenta,People & Blogs,topic,8,0.0,0.0,False,False
video::4DD1nlxWk2s,video,1,Fuertes LLUVIAS en el JABALI; a si luce una Tarde de Tormen…,4DD1nlxWk2s,,,,,,,UCKu8ZkS9vriCetFagAGIMXA,VIVA GUATEMALA,Entertainment,topic,27111,0.0,0.0,False,False
video::4FUed7cIhPU,video,1,El Sistema CONRED y el Gobierno de Guatemala trabajan unido…,4FUed7cIhPU,,,,,,,UC6SA1dVHvAkc6yNS_t5cbGw,Conred,Education,official_gov,47,0.0,0.0,False,False
video::4H6w9FQAcS8,video,1,"Avances en temas de economía, precios de los combustibles y…",4H6w9FQAcS8,,,,,,,UC-ZtFBHzgkYFh7whZkuR_Ag,Gobierno de la República de Guatemala,Entertainment,official_gov,1489,0.0,0.0,False,False
video::5DRG-WGTq1k,video,1,El Sistema CONRED continúa activo y trabajando de manera co…,5DRG-WGTq1k,,,,,,,UC6SA1dVHvAkc6yNS_t5cbGw,Conred,Education,official_gov,68,0.0,0.0,False,False
video::5MFnG5B7ric,video,1,Municipalidad de Guatemala 09/07/2025,5MFnG5B7ric,,,,,,,UCW_PHqwqCCalvQGOEsVU0jw,Concejales de Oposición - Muni Guate,People & Blogs,topic,107,0.0,0.0,False,False
video::5OhxjDvuYbQ,video,1,"Operativos PMT ""Cero Tolerancia"" para fin de año",5OhxjDvuYbQ,,,,,,,UCXa6LVjBzUtmcM3cwbd9e2w,Municipalidad de Guatemala,News & Politics,official_gov,494,0.0,0.0,False,False
video::5UNxNfcSzG4,video,1,Distinción del Cambio de la Rosa de la Paz a Pedro Castro L…,5UNxNfcSzG4,,,,,,,UC-ZtFBHzgkYFh7whZkuR_Ag,Gobierno de la República de Guatemala,Entertainment,topic,741,0.0,0.0,False,False
video::5Y7fntl6Rc8,video,1,Cómo llegar a TIKAL desde Ciudad de GUATEMALA en autobús o …,5Y7fntl6Rc8,,,,,,,UCfMjuFkpFo_QAWtvQqR2EHQ,De viaje con Migue,Travel & Events,topic,11061,0.0,0.0,False,False
video::5nw9G1vwnYY,video,1,Actriz guatemalteca caracteriza a Consuelo Porras frente al…,5nw9G1vwnYY,,,,,,,UCEepOY2svuxbsJ-zsAPT9Fg,PrensaLibreOficial,News & Politics,topic,40327,0.0,0.0,False,False
video::677N9cx_kKE,video,1,Carlos Pineda Seguridad I - Guatemala tiene solución | Ep. 2,677N9cx_kKE,,,,,,,UCInL6HZez6Qn8IHV8Achhxw,Carlos Pineda,People & Blogs,topic,8568,0.0,0.0,False,False
video::6KlI_geqPOI,video,1,Conferencia de Prensa del Gobierno de Guatemala. #LaRondaGt.,6KlI_geqPOI,,,,,,,UC-ZtFBHzgkYFh7whZkuR_Ag,Gobierno de la República de Guatemala,Entertainment,topic,2301,0.0,0.0,False,False
video::6W4u8sGEnGM,video,1,Inician los trabajos de recuperación del Puente Belice II.,6W4u8sGEnGM,,,,,,-0.1085822963466247,UC-ZtFBHzgkYFh7whZkuR_Ag,Gobierno de la República de Guatemala,Entertainment,topic,11670,45.0,32.0,True,True
video::6Wf0ItQUaDU,video,1,“Queremos generar 60 mil empleos”: Victorino Carranza revel…,6Wf0ItQUaDU,,,,,,,UCoXuxT5_LclvcoCeFoS_iUw,Campus TV,News & Politics,topic,2,0.0,0.0,False,False
video::6y3KQmmg3Oc,video,1,Noticiero El Informativo. Nuestra semana de resultados.,6y3KQmmg3Oc,,,,,,,UC-ZtFBHzgkYFh7whZkuR_Ag,Gobierno de la República de Guatemala,Entertainment,topic,303,0.0,0.0,False,False
video::6z2Psav9Onw,video,1,Conferencia de Prensa del Gobierno de Guatemala. #LaRondaGt,6z2Psav9Onw,,,,,,,UC-ZtFBHzgkYFh7whZkuR_Ag,Gobierno de la República de Guatemala,Entertainment,topic,848,0.0,0.0,False,False
video::74F3Mn_NWoE,video,1,"Acto de Graduación de los Cursos de Formación, Ascenso y Es…",74F3Mn_NWoE,,,,,,,UC-ZtFBHzgkYFh7whZkuR_Ag,Gobierno de la República de Guatemala,Entertainment,official_gov,1197,0.0,0.0,False,False
video::7JerBdHtkWA,video,1,Cambio de horarios en Municipalidad de Guatemala,7JerBdHtkWA,,,,,,,UCJcN367ge_Yo1p7b20_KSaA,Canal 3 Guatemala,News & Politics,topic,215,0.0,0.0,False,False
video::7hfUg8Z-W2o,video,1,Conferencia de Prensa del Gobierno de Guatemala. #LaRondaGt.,7hfUg8Z-W2o,,,,,,,UC-ZtFBHzgkYFh7whZkuR_Ag,Gobierno de la República de Guatemala,Entertainment,topic,2449,0.0,0.0,False,False
video::7kuHyjwuE_o,video,1,Centro Municipal de Emprendimiento - Municipalidad de Guate…,7kuHyjwuE_o,,,,,,,UCBn6Y-Y3kCAQqYXHaMIjEVw,Centro Municipal de Emprendimiento MuniGuate,Entertainment,topic,528,0.0,0.0,False,False
video::7mdtGeIHQnE,video,1,#LHEnContexto: Gestión de riesgos en GUATEMALA: Lo que debe…,7mdtGeIHQnE,,,,,,,UCrAoF9-9Vvb9_zK0t-m2Rhg,La Hora,News & Politics,official_gov,570,0.0,0.0,False,False
video::8CuQ2_HTaN0,video,1,Conferencia de Prensa del Gobierno de Guatemala.,8CuQ2_HTaN0,,,,,,,UC-ZtFBHzgkYFh7whZkuR_Ag,Gobierno de la República de Guatemala,Entertainment,topic,735,0.0,0.0,False,False
video::8n6momRcC04,video,1,Mantenimiento constante,8n6momRcC04,,,,,,,UCXa6LVjBzUtmcM3cwbd9e2w,Municipalidad de Guatemala,News & Politics,topic,91,0.0,0.0,False,False
video::90oVm0P4_9Q,video,1,"El MINGOB a través del Viceministerio de Seguridad, combate…",90oVm0P4_9Q,,,,,,,UC8u2nvyHewt-mjdWSj0HJmQ,Ministerio de Gobernación,News & Politics,official_gov,5,0.0,0.0,False,False
video::9BIrwWQUdb8,video,1,"Capturan a ""guardián"" de parqueo utilizado por la mara Salv…",9BIrwWQUdb8,,,,,,,UCHsYnV67K3J0yJ4QeciVCww,PNCdeGuatemala,Science & Technology,official_gov,23972,0.0,0.0,False,False
video::9Jacxvi9umU,video,1,Los responsables de bloquear información en Guatecompras,9Jacxvi9umU,,,,,,,UCDvpZGLyno6g-bi-wwYq4wQ,Somos El Combo,Entertainment,topic,7340,0.0,0.0,False,False
video::9XFVeHiWDTo,video,1,En #LaRondaGT conoce las acciones que impulsamos para moder…,9XFVeHiWDTo,,,,,,,UC-ZtFBHzgkYFh7whZkuR_Ag,Gobierno de la República de Guatemala,Entertainment,official_gov,1516,0.0,0.0,False,False
video::9h7d1iDFaqo,video,1,Vuelve el tráfico lento en la ciudad capital,9h7d1iDFaqo,,,,,,,UCEepOY2svuxbsJ-zsAPT9Fg,PrensaLibreOficial,News & Politics,topic,11396,0.0,0.0,False,False
video::9wHujSu-nbQ,video,1,Quorum,9wHujSu-nbQ,,,,,,,UCE4rsXcgDb6e1-a9iTbWzfg,Quorum,News & Politics,topic,459,0.0,0.0,False,False
video::AHzfpOL5sgw,video,1,Sistema de gobierno de Guatemala 🇬🇹,AHzfpOL5sgw,,,,,,,UCwlb2TaG9ywiD6uhHWTy-qg,SUM Estudios Jurídicos.,Education,official_gov,2895,0.0,0.0,False,False
video::Aa7hIDCRh3g,video,1,Este BUS me LLEVO a UN PARAISO EN GUATEMALA,Aa7hIDCRh3g,,,,,,,UCDfEVbDrimcKw5lfbps915g,De todo Gt,People & Blogs,topic,504374,0.0,0.0,False,False
video::AakUTlieyH0,video,1,Crisis de seguridad en Guatemala,AakUTlieyH0,,,,,,,UC-GLagjBhWAZ3IOWFgzqIAw,Canal Antigua,News & Politics,topic,733,0.0,0.0,False,False
video::Ab0RrbzxyBU,video,1,Municipalidad de Guatemala 17/11/2025,Ab0RrbzxyBU,,,,,,,UCW_PHqwqCCalvQGOEsVU0jw,Concejales de Oposición - Muni Guate,People & Blogs,topic,117,0.0,0.0,False,False
video::AlbPEU3rbZs,video,1,Conferencia de Prensa del Gobierno de Guatemala. #LaRondaGt,AlbPEU3rbZs,,,,,,,UC-ZtFBHzgkYFh7whZkuR_Ag,Gobierno de la República de Guatemala,Entertainment,topic,870,0.0,0.0,False,False
video::ArljwpsURdY,video,1,"Entrevista especial con Claudinne Ogaldes, Secretaria Ejecu…",ArljwpsURdY,,,,,,,UC6SA1dVHvAkc6yNS_t5cbGw,Conred,Education,official_gov,416,0.0,0.0,False,False
video::B60bWqpVUIE,video,1,Así es el transporte público en Ciudad de Guatemala,B60bWqpVUIE,,,,,,,UCBedZZFhxFcMudI8oM5joSQ,PaulinoG,Travel & Events,topic,96794,0.0,0.0,False,False
video::BLc_KXPng9g,video,1,Conferencia de Prensa del Gobierno de Guatemala. #LaRondaGT,BLc_KXPng9g,,,,,,,UC-ZtFBHzgkYFh7whZkuR_Ag,Gobierno de la República de Guatemala,Entertainment,topic,720,0.0,0.0,False,False
video::BUNeDEi0yVU,video,1,CIV LICITACIÓN 800 KM 110717,BUNeDEi0yVU,,,,,,,UCAutgrPkiLhZxTB-Ujje1fw,CIV -Ministerio de Comunicaciones,People & Blogs,official_gov,26,0.0,0.0,False,False
video::BW41jT3t3oI,video,1,Provial,BW41jT3t3oI,,,,,,,UCuKuUrmHoNaJJHE27Aac9PQ,PROVIAL-CIV,People & Blogs,official_gov,79,0.0,0.0,False,False
video::BbAeamItalk,video,1,ZARAGOZA DA UN PASO HACIA EL FORTALECIMIENTO DEL DEPORTE CO…,BbAeamItalk,,,,,,,UCgItjn_ZWFWcv1MlpKIkqgQ,IDocumenta,News & Politics,topic,7,0.0,0.0,False,False
video::Bdn2nxDqQ90,video,1,Video Viral de PMT / GUATEMALA,Bdn2nxDqQ90,,,,,,,UC6XLvudi9BWjAzCR-6KAHiw,carlos del cid,Film & Animation,official_gov,2482,0.0,0.0,False,False
video::Bi34XvRV6AM,video,1,Plan de Evacuación CONRED,Bi34XvRV6AM,,,,,,,UCyGWWWpmAP5AReA_o8bhaRg,MESCOGT,People & Blogs,official_gov,58,0.0,0.0,False,False
video::BnZFUzpEDe4,video,1,Municipalidad de Guatemala se moderniza,BnZFUzpEDe4,,,,,,,UCXa6LVjBzUtmcM3cwbd9e2w,Municipalidad de Guatemala,People & Blogs,topic,642,0.0,0.0,False,False
video::Boj5GILjbI0,video,1,"Spot Rendición de Cuentas, segundo cuatrimestre 2023 - 2",Boj5GILjbI0,,,,,,,UCAutgrPkiLhZxTB-Ujje1fw,CIV -Ministerio de Comunicaciones,People & Blogs,official_gov,26,0.0,0.0,False,False
video::Bp4LtQT8Hk0,video,1,"Ciudad de Guatemala, el mejor lugar para vivir",Bp4LtQT8Hk0,,,,,,,UCXa6LVjBzUtmcM3cwbd9e2w,Municipalidad de Guatemala,Entertainment,official_gov,4265,0.0,0.0,False,False
video::C5hJmAhpMMQ,video,1,"YOUTUBE PUNTO DE ENFOQUE MARIO MEJÍA, SUBDIRECTOR DE INSIVU…",C5hJmAhpMMQ,,,,,,,UClgawHgsbqN6Nuok7ds-Szw,INSIVUMEH,Science & Technology,topic,79,0.0,0.0,False,False
video::C8wk4HWwWyM,video,1,Duro golpe al crimen organizado en Granja Penal de Pavón.,C8wk4HWwWyM,,,,,,,UC-ZtFBHzgkYFh7whZkuR_Ag,Gobierno de la República de Guatemala,Entertainment,topic,2214,0.0,0.0,False,False
video::CDg6kLRfiqQ,video,1,Acciones relevantes en el #Resumen24Horas,CDg6kLRfiqQ,,,,,,,UCHsYnV67K3J0yJ4QeciVCww,PNCdeGuatemala,Science & Technology,official_gov,11048,0.0,0.0,False,False
video::CJQ46Hr4HcU,video,1,Municipalidad de Guatemala 19/12/2025,CJQ46Hr4HcU,,,,,,,UCW_PHqwqCCalvQGOEsVU0jw,Concejales de Oposición - Muni Guate,People & Blogs,topic,222,0.0,0.0,False,False
video::D3fRGjqHeHI,video,1,"Spot Rendición de Cuentas, segundo cuatrimestre 2023 - 1",D3fRGjqHeHI,,,,,,,UCAutgrPkiLhZxTB-Ujje1fw,CIV -Ministerio de Comunicaciones,People & Blogs,official_gov,23,0.0,0.0,False,False
video::D4CEpAfkkPI,video,1,Policías arremeten contra agente de PMT en zona 10,D4CEpAfkkPI,,,,,,,UCEepOY2svuxbsJ-zsAPT9Fg,PrensaLibreOficial,News & Politics,official_gov,79044,0.0,0.0,False,False
video::DBvMeKT4gzo,video,1,La Familia MÁS RICA de GUATEMALA... Ni la Guerra les Quitó …,DBvMeKT4gzo,,,,,,,UCP1YKuLnn1WhzrkxCv1LILQ,Fortuna Latina,People & Blogs,topic,58881,0.0,0.0,False,False
video::DC1_qrLUvHI,video,1,Municipalidad de Guatemala 26/08/2026,DC1_qrLUvHI,,,,,,,UCW_PHqwqCCalvQGOEsVU0jw,Concejales de Oposición - Muni Guate,People & Blogs,topic,49,0.0,0.0,False,False
video::DMAKF8n0XJs,video,1,Guatemala TV • ID (2024-2026),DMAKF8n0XJs,,,,,,,UC7G_DpDtzHv0wbGJvvFCrNg,Mdpls2,Film & Animation,topic,367,0.0,0.0,False,False
video::DX5eT-hVU8Q,video,1,250 años Ciudad de Guatemala,DX5eT-hVU8Q,,,,,,,UCXa6LVjBzUtmcM3cwbd9e2w,Municipalidad de Guatemala,News & Politics,official_gov,491,0.0,0.0,False,False
video::DkxSkQipYwo,video,1,PRESIDENTE BERNARDO ARÉVALO PARTICIPA EN EL ACTO CONMEMORAT…,DkxSkQipYwo,,,,,,,UCgItjn_ZWFWcv1MlpKIkqgQ,IDocumenta,News & Politics,topic,66,0.0,0.0,False,False
video::EGfy1BxGLIk,video,1,Colabore con las medidas de la PMT,EGfy1BxGLIk,,,,,,,UCXa6LVjBzUtmcM3cwbd9e2w,Municipalidad de Guatemala,Education,official_gov,1437,0.0,0.0,False,False
video::ELhvo8YnYnI,video,1,Insivumeh prevé lluvias fuertes por dos ondas del este,ELhvo8YnYnI,,,,,,,UCt5Dw7ePnn0AqPqRF8Xpjkw,TN23 Guatemala,News & Politics,topic,5182,0.0,0.0,False,False
video::EQDcEgFpXCk,video,1,Guatemala: Gobierno refuerza lucha contra las pandillas en …,EQDcEgFpXCk,,,,,,,UCUdOoVWuWmgo1wByzcsyKDQ,FRANCE 24 Español,News & Politics,topic,5459,0.0,0.0,False,False
video::EZfm-05qtWo,video,1,Municipalidad de Guatemala prepara plan de actividades en S…,EZfm-05qtWo,,,,,,,UCFu4dCls6GPdTvgIeE9wjOA,Cucurucho en Guatemala,People & Blogs,topic,128,0.0,0.0,False,False
video::F72Rdq5crG4,video,1,Cambios en el Ministerio de Comunicaciones: Salen Lizzette …,F72Rdq5crG4,,,,,,,UC-GLagjBhWAZ3IOWFgzqIAw,Canal Antigua,News & Politics,official_gov,1441,0.0,0.0,False,False
video::FEc1BCuBiDg,video,1,¡Estamos con ustedes!,FEc1BCuBiDg,,,,,,,UCXa6LVjBzUtmcM3cwbd9e2w,Municipalidad de Guatemala,News & Politics,topic,1562,0.0,0.0,False,False
video::FQP4JTo9ShA,video,1,Rafael Carrera y el nacimiento de Guatemala,FQP4JTo9ShA,,,,,,,UCvegRo82EipXUzAHQXZmr4A,MundoHistoria,Education,topic,1420,0.0,0.0,False,False
video::FU5zLTb4inc,video,1,#EnVivoDCA | Conferencia de prensa del Gobierno de Guatemala,FU5zLTb4inc,,,,,,,UCaivrAhro2BpsJdrPe-IyRg,Diario de Centro América,News & Politics,topic,549,0.0,0.0,False,False
video::Fapc1-8m5Zc,video,1,Municipalidad de Guatemala 21/11/2025,Fapc1-8m5Zc,,,,,,,UCW_PHqwqCCalvQGOEsVU0jw,Concejales de Oposición - Muni Guate,People & Blogs,topic,282,0.0,0.0,False,False
video::Fb2Ccfq5S9w,video,1,Reo y su esposa fueron asesinados dentro del Preventivo de …,Fb2Ccfq5S9w,,,,,,,UCt5Dw7ePnn0AqPqRF8Xpjkw,TN23 Guatemala,News & Politics,topic,15431,0.0,0.0,False,False
video::FuTz67jS7m0,video,1,124 nuevos brigadas refuerzan la seguridad vial en Guatemala,FuTz67jS7m0,,,,,,,UCuKuUrmHoNaJJHE27Aac9PQ,PROVIAL-CIV,Education,official_gov,45,0.0,0.0,False,False
video::G2u4Rbq7zU4,video,1,Arévalo anuncia nueva cárcel de máxima seguridad en Guatema…,G2u4Rbq7zU4,,,,,,,UCt5Dw7ePnn0AqPqRF8Xpjkw,TN23 Guatemala,News & Politics,topic,6327,0.0,0.0,False,False
video::GgU7qhmf020,video,1,Sueños GT: educación para la niñez de vendedores ambulantes…,GgU7qhmf020,,,,,,,UCE4rsXcgDb6e1-a9iTbWzfg,Quorum,Nonprofits & Activism,topic,167,0.0,0.0,False,False
video::GjGMSFSE1gY,video,1,"“Gracias a dios, no hay reelección” 🤡",GjGMSFSE1gY,,,,,,,UCE4rsXcgDb6e1-a9iTbWzfg,Quorum,News & Politics,channel,130,0.0,0.0,False,False
video::HMJXf1VdM5E,video,1,Lluvia inusual de Martes Santo provoca inundaciones en zona…,HMJXf1VdM5E,,,,,,,UCEepOY2svuxbsJ-zsAPT9Fg,PrensaLibreOficial,News & Politics,topic,1688,0.0,0.0,False,False
video::H_TGv_cMwww,video,1,PMT: La fuerza laboral reguladora del tránsito más grande,H_TGv_cMwww,,,,,,,UCXa6LVjBzUtmcM3cwbd9e2w,Municipalidad de Guatemala,News & Politics,official_gov,2383,0.0,0.0,False,False
video::I277M6i4jnY,video,1,Gestión del Riesgo de Desastres desde las comunidades.,I277M6i4jnY,,,,,,,UC-ZtFBHzgkYFh7whZkuR_Ag,Gobierno de la República de Guatemala,Entertainment,topic,242,0.0,0.0,False,False
video::IZLflL4Hgco,video,1,El ciudadano Toriello da un paso al frente,IZLflL4Hgco,,,,,,,UCGSQ821fpPy-yXL9mUmKbBg,TanGente Podcast,Entertainment,topic,28013,0.0,0.0,False,False
video::IcF9rRdAtp8,video,1,Ministro de Comunicaciones Alejandro Sinibaldi realiza supe…,IcF9rRdAtp8,,,,,,,UCiQAWoQNcuKIAvCCFQC54UQ,Ministerio de Comunicaciones Infraestructura y Vivienda,People & Blogs,official_gov,211,0.0,0.0,False,False
video::J6ctng-yAnI,video,1,CIV PROVIAL GRADUACIÓN XV PROMOCIÓN BRIGADAS 140619,J6ctng-yAnI,,,,,,,UCAutgrPkiLhZxTB-Ujje1fw,CIV -Ministerio de Comunicaciones,People & Blogs,official_gov,2981,0.0,0.0,False,False
video::JErfmk-TlRg,video,1,Rendición de Cuentas - Primer Cuatrimestre 2023,JErfmk-TlRg,,,,,,,UCAutgrPkiLhZxTB-Ujje1fw,CIV -Ministerio de Comunicaciones,People & Blogs,official_gov,32,0.0,0.0,False,False
video::J_HBzJUTOus,video,1,Presentan estrategia nacional para prevenir violencia duran…,J_HBzJUTOus,,,,,,,UC8u2nvyHewt-mjdWSj0HJmQ,Ministerio de Gobernación,News & Politics,official_gov,17,0.0,0.0,False,False
video::JdxHJkQjM50,video,1,🚡 ¿Cómo va avanzando #AeroMetroGT?,JdxHJkQjM50,,,,,,,UCXa6LVjBzUtmcM3cwbd9e2w,Municipalidad de Guatemala,News & Politics,topic,20901,0.0,0.0,False,False
video::JgmCtBQWNL8,video,1,Conferencia de Prensa del Gobierno de Guatemala. #LaRondaGt,JgmCtBQWNL8,,,,,,,UC-ZtFBHzgkYFh7whZkuR_Ag,Gobierno de la República de Guatemala,Entertainment,topic,1165,0.0,0.0,False,False
video::JkpVO1hx2f8,video,1,10 Preguntas a un año del Paro Nacional,JkpVO1hx2f8,,,,,,0.15734617101649442,UCE4rsXcgDb6e1-a9iTbWzfg,Quorum,News & Politics,channel,673,3.0,3.0,True,True
video::Jr1hJ92H_Nc,video,1,#SinMáscaras | GUERRA SUCIA PERO SUCIA EN SERIO LLEGA A TV …,Jr1hJ92H_Nc,,,,,,,UCH4M_4Ed6SUidQthmZ60M2g,Manuel Pedrero,News & Politics,topic,62941,0.0,0.0,False,False
video::K1IA6oTGws8,video,1,#EnVivoDCA | Conferencia de prensa del Gobierno de Guatemala,K1IA6oTGws8,,,,,,,UCaivrAhro2BpsJdrPe-IyRg,Diario de Centro América,News & Politics,official_gov,530,0.0,0.0,False,False
video::K2qWcueeMOc,video,1,#EnvivoDCA | Conferencia de prensa de Gobierno de Guatemala,K2qWcueeMOc,,,,,,,UCaivrAhro2BpsJdrPe-IyRg,Diario de Centro América,News & Politics,official_gov,802,0.0,0.0,False,False
video::K50uijsHnAM,video,1,Informe desde Ciudad de Guatemala: crisis de seguridad tras…,K50uijsHnAM,,,,,,,UCUdOoVWuWmgo1wByzcsyKDQ,FRANCE 24 Español,News & Politics,topic,135249,0.0,0.0,False,False
video::KIO6wIJXYY0,video,1,"Se tiene que cambiar el sistema electoral en Guatemala, ase…",KIO6wIJXYY0,,,,,,,UC_lEiu6917IJz03TnntWUaQ,CNN en Español,News & Politics,topic,16830,0.0,0.0,False,False
video::KWCyMd4dxkY,video,1,Recorrido de los 21K BAM de la Municipalidad de Guatemala,KWCyMd4dxkY,,,,,,,UCXa6LVjBzUtmcM3cwbd9e2w,Municipalidad de Guatemala,News & Politics,official_gov,13077,0.0,0.0,False,False
video::KkNQhX_kg8A,video,1,🇬🇹HISTORIA de GUATEMALA en 17 minutos🇬🇹 - El Mapa de Sebas,KkNQhX_kg8A,,,,,,,UCVbOEcs6RMxXXX3WWNtl_Fw,El Mapa de Sebas,Education,topic,749356,0.0,0.0,False,False
video::LRzZy8xBrjA,video,1,Conferencia de prensa ante el incremento de los combustible…,LRzZy8xBrjA,,,,,,,UC-ZtFBHzgkYFh7whZkuR_Ag,Gobierno de la República de Guatemala,Entertainment,official_gov,670,0.0,0.0,False,False
video::LeN6wpNIB-4,video,1,GUATEMALA RECIBE 135 NICARAGUENESES LIBERADOS POR ORTEGA,LeN6wpNIB-4,,,,,,,UCgItjn_ZWFWcv1MlpKIkqgQ,IDocumenta,People & Blogs,topic,28,0.0,0.0,False,False
video::LqY_vAsa4PY,video,1,“Guatemala: Una historia escrita con corrupción”,LqY_vAsa4PY,,,,,,,UCBQ9OCZNvmC--OH_e-qGGiA,PFNSE MEDIA,News & Politics,topic,2291,0.0,0.0,False,False
video::MMECHN8SFNw,video,1,"Noticiero en Directo 1 pm, 27 de Agosto de 2026",MMECHN8SFNw,,,,,,,UCdSVqHGHzyMTXSafUHY-e-w,Noticiero Guatevisión 13 Hrs.,News & Politics,topic,4838,0.0,0.0,False,False
video::MRJ9mKnXR9M,video,1,Labor de la PMT es honesta aseguran vecinos,MRJ9mKnXR9M,,,,,,,UCXa6LVjBzUtmcM3cwbd9e2w,Municipalidad de Guatemala,People & Blogs,official_gov,1075,0.0,0.0,False,False
video::MdIa2Dtj77I,video,1,"Consejos para tu viaje a Guatemala: hospedaje, telefonía, t…",MdIa2Dtj77I,,,,,,,UCZyaNecz9ugVReNcNfXXurA,Aventuras de una programadora,People & Blogs,topic,134775,0.0,0.0,False,False
video::Mh94uXZvCLo,video,1,DE LOS BOTS AL RECHAZO: CERIMEDO Y LA “GUERRILLA DE LAS RED…,Mh94uXZvCLo,,,,,,,UCBDxkiJk5id4TIOa1FotGUA,La Coma,News & Politics,topic,21,0.0,0.0,False,False
video::Mme4XikKnlc,video,1,Municipalidad anuncia 111 nuevos autobuses y 17 rutas para …,Mme4XikKnlc,,,,,,,UCEepOY2svuxbsJ-zsAPT9Fg,PrensaLibreOficial,News & Politics,topic,3146,0.0,0.0,False,False
video::N1QkRu38BFE,video,1,¡YA CAYÓ ALITO MORENO! ALERTA LO DESTITUYEN DIPUTADOS VOTAN…,N1QkRu38BFE,,,,,,,UC2EbdGoJZwR_WvkmB0i4rMg,Alexis Burelo,News & Politics,topic,15747,0.0,0.0,False,False
video::NCvoO61aIfw,video,1,Ya casi! Así avanza el Aerómetro que cambiará el transporte…,NCvoO61aIfw,,,,,,,UCkXkEfAaEGxUaIT6TBBkwMw,One Life,Entertainment,topic,26744,0.0,0.0,False,False
video::NcIcixCdQH4,video,1,PNC garantiza seguridad a turistas que visitan el colcán de…,NcIcixCdQH4,,,,,,,UCHsYnV67K3J0yJ4QeciVCww,PNCdeGuatemala,Science & Technology,official_gov,7681,0.0,0.0,False,False
video::Nc_Iy0MriYw,video,1,🛑🛑Actualización PROVIAL🛑🛑,Nc_Iy0MriYw,,,,,,,UCuKuUrmHoNaJJHE27Aac9PQ,PROVIAL-CIV,News & Politics,official_gov,179,0.0,0.0,False,False
video::NnKpTEfhWjI,video,1,✅ ASÍ es una EXHIBICION DE BUSES EN GUATEMALA,NnKpTEfhWjI,,,,,,,UCDfEVbDrimcKw5lfbps915g,De todo Gt,Travel & Events,topic,424874,0.0,0.0,False,False
video::O6gI0ooBM3E,video,1,¿Cómo es el tráfico en Guatemala? 56 días perdidos cada año…,O6gI0ooBM3E,,,,,,,UC8mJT9xUcwgEM1vaMaruysw,República TV,News & Politics,topic,16786,0.0,0.0,False,False
video::OXf_VvvyIDw,video,1,Municipalidad de Guatemala 31/08/2026,OXf_VvvyIDw,,,,,,,UCW_PHqwqCCalvQGOEsVU0jw,Concejales de Oposición - Muni Guate,People & Blogs,topic,28,0.0,0.0,False,False
video::OgOICSTSa7k,video,1,¡DÉJAME VIVIR! GUATEMALA INTENSIFICA LA LUCHA CONTRA LA CAC…,OgOICSTSa7k,,,,,,,UCgItjn_ZWFWcv1MlpKIkqgQ,IDocumenta,News & Politics,topic,6,0.0,0.0,False,False
video::OkXlHx0hx-8,video,1,EE.UU. envía a mexicanos deportados a Guatemala antes de su…,OkXlHx0hx-8,,,,,,-0.4730978589039296,UCRwA1NUcUnwsly35ikGhp0A,Noticias Telemundo,News & Politics,topic,14200,25.0,18.0,True,True
video::On7jqOm1bpg,video,1,🌟Seguimos avanzando🌱,On7jqOm1bpg,,,,,,,UCAutgrPkiLhZxTB-Ujje1fw,CIV -Ministerio de Comunicaciones,News & Politics,official_gov,10,0.0,0.0,False,False
video::Oy6sKBhduu4,video,1,"Realizan Reunión Ordinaria de #CODEDE, 25 de febrero 2025.",Oy6sKBhduu4,,,,,,,UC_ONTY8RI6b-VqB-dhQ5qBQ,Camarita Castro GT,People & Blogs,topic,84,0.0,0.0,False,False
video::Oztw_Hta52I,video,1,TRAFICO EN GUATEMALA,Oztw_Hta52I,,,,,,,UC6ZUGqkstVjgNPvxtb90d8A,CHAPINISIMO,Entertainment,topic,2326,0.0,0.0,False,False
video::PMaSDoG0H1U,video,1,¿Adiós al tráfico? Así es la nueva carretera Radial 6 para …,PMaSDoG0H1U,,,,,,,UCMJ_FUWKr7PyXfvY55BdGZg,La Red 1061,News & Politics,topic,60,0.0,0.0,False,False
video::Pg1qw0KJI4E,video,1,Surgen detalles de la masacre en Boca del Monte: madre de u…,Pg1qw0KJI4E,,,,,,,UCEepOY2svuxbsJ-zsAPT9Fg,PrensaLibreOficial,News & Politics,topic,20503,0.0,0.0,False,False
video::PjmxCj-a9Hg,video,1,Conferencia de Prensa del Gobierno de Guatemala. #LaRondaGt,PjmxCj-a9Hg,,,,,,-0.4223267150484025,UC-ZtFBHzgkYFh7whZkuR_Ag,Gobierno de la República de Guatemala,Entertainment,topic,3628,25.0,19.0,True,True
video::Q-MNTYsZgk4,video,1,¿Qué ha pasado con la contaminación del aire?,Q-MNTYsZgk4,,,,,,,UCE4rsXcgDb6e1-a9iTbWzfg,Quorum,News & Politics,channel,45,0.0,0.0,False,False
video::Q7j1OUxkn9w,video,1,Dañan puerta del área de parqueo del Congreso,Q7j1OUxkn9w,,,,,,,UCmoP9Lvc92Bsl4Vu90kv9GQ,InfoGT Noticias,People & Blogs,topic,4725,0.0,0.0,False,False
video::Q7nhEeibBK4,video,1,Desfile navideño 2024 - @MunicipalidaddeGuatemala-1551,Q7nhEeibBK4,,,,,,,UCbKjY2f2sGaghyrIeqjZvmg,ALIS MOLINA CREA,Entertainment,topic,255,0.0,0.0,False,False
video::QUG4etpjgos,video,1,Guatemala Habla sobre la seguridad en el país,QUG4etpjgos,,,,,,,UCaivrAhro2BpsJdrPe-IyRg,Diario de Centro América,News & Politics,topic,35,0.0,0.0,False,False
video::Qc_oHqe4Cjc,video,1,QUÉ GUARDAS EN LA CINTURA? 🔫🥕🥓🐷🤔@lilyvlogs6899 @ElJuanete19…,Qc_oHqe4Cjc,,,,,,,UCzwR2o8LFAgAMfO0KIcFh0A,CANALES ROBOS Y MENTIRAS 💰🧐,People & Blogs,topic,2166,0.0,0.0,False,False
video::R-fRv_WoZOE,video,1,Conferencia de Prensa del Gobierno de Guatemala. #LaRondaGT,R-fRv_WoZOE,,,,,,,UC-ZtFBHzgkYFh7whZkuR_Ag,Gobierno de la República de Guatemala,Entertainment,topic,1284,0.0,0.0,False,False
video::RIpKKQh26cg,video,1,Ejército de Guatemala descubre túnel para fuga masiva en pe…,RIpKKQh26cg,,,,,,,UCt5Dw7ePnn0AqPqRF8Xpjkw,TN23 Guatemala,News & Politics,topic,29782,0.0,0.0,False,False
video::RjG-y7Y2-k4,video,1,#EnVivoDCA | Conferencia de prensa del Gobierno de Guatemala,RjG-y7Y2-k4,,,,,,,UCaivrAhro2BpsJdrPe-IyRg,Diario de Centro América,News & Politics,topic,239,0.0,0.0,False,False
video::Rk-3ks9mh3o,video,1,CIV ✔️ garantiza transparencia 🔍 y rendición de cuentas📝,Rk-3ks9mh3o,,,,,,,UCAutgrPkiLhZxTB-Ujje1fw,CIV -Ministerio de Comunicaciones,News & Politics,official_gov,21,0.0,0.0,False,False
video::ShYWqmOpjFk,video,1,Ministro de Comunicaciones reitera sobre avances en ruta Pa…,ShYWqmOpjFk,,,,,,,UCrAoF9-9Vvb9_zK0t-m2Rhg,La Hora,News & Politics,official_gov,242,0.0,0.0,False,False
video::SryjaiL2B4Q,video,1,#EnVivoDCA | Conferencia de prensa del Gobierno de Guatemala,SryjaiL2B4Q,,,,,,,UCaivrAhro2BpsJdrPe-IyRg,Diario de Centro América,News & Politics,official_gov,352,0.0,0.0,False,False
video::THY2YBne3QE,video,1,"Los ALUCINANTES autobuses de Guatemala | ""Burras""",THY2YBne3QE,,,,,,,UCECJDeK0MNapZbpaOzxrUPA,Luisito Comunica,Comedy,topic,8190449,0.0,0.0,False,False
video::TSID63-IC3Y,video,1,Operativo Relámpago de -PROVIAL - DGT - DIACO - en 41 Calle…,TSID63-IC3Y,,,,,,,UCuKuUrmHoNaJJHE27Aac9PQ,PROVIAL-CIV,People & Blogs,official_gov,332,0.0,0.0,False,False
video::TT4qJ5FXHYE,video,1,"I’x K’at: el primer equipo guatemalteco de pelota maya, con…",TT4qJ5FXHYE,,,,,,0.4665697691962123,UCE4rsXcgDb6e1-a9iTbWzfg,Quorum,News & Politics,channel,1075,4.0,4.0,True,True
video::TTijnAoFnzY,video,1,Conred reprograma simulacro nacional para el 24 de febrero,TTijnAoFnzY,,,,,,,UCq0Cm-3SKthEySQc2JZBi1A,T13 Noticias Guatemala,News & Politics,official_gov,200,0.0,0.0,False,False
video::TXlMv6bt25w,video,1,Más de 42 mil afectados por lluvias en Guatemala; Conred re…,TXlMv6bt25w,,,,,,,UCEepOY2svuxbsJ-zsAPT9Fg,PrensaLibreOficial,News & Politics,topic,2294,0.0,0.0,False,False
video::TnZGNY1RsJE,video,1,Festival navideño 2025 @MunicipalidaddeGuatemala-1551,TnZGNY1RsJE,,,,,,,UCuc8l25EFE17DV8dD64d2AQ,HeX4EveR,People & Blogs,topic,148,0.0,0.0,False,False
video::UDFS8gl80h8,video,1,#AprendeConCONRED qué es el Sistema CONRED y quienes lo con…,UDFS8gl80h8,,,,,,,UC6SA1dVHvAkc6yNS_t5cbGw,Conred,Education,official_gov,521,0.0,0.0,False,False
video::UTf26hS1UJ8,video,1,🚦💙 PROVIAL: Proteger y Servir,UTf26hS1UJ8,,,,,,,UCuKuUrmHoNaJJHE27Aac9PQ,PROVIAL-CIV,Education,official_gov,38,0.0,0.0,False,False
video::UcvHq8j-J38,video,1,"Ministerio de Comunicaciones, Infraestructura y Vivienda y …",UcvHq8j-J38,,,,,,,UCJJ071vIw7Bu8lJmXfiVrKw,Ministerio de Finanzas Públicas Guatemala,News & Politics,official_gov,222,0.0,0.0,False,False
video::UhL9y3KUl8E,video,1,SHAI WA: la vecina queer de Casa Presidencial,UhL9y3KUl8E,,,,,,0.9715507568325847,UCE4rsXcgDb6e1-a9iTbWzfg,Quorum,News & Politics,channel,1755,1.0,1.0,True,True
video::UzeOcBM9cuU,video,1,Conred Podcast Episodio 04: Amenaza sísmica y volcánica en …,UzeOcBM9cuU,,,,,,,UC6SA1dVHvAkc6yNS_t5cbGw,Conred,Education,official_gov,127,0.0,0.0,False,False
video::VfBrLONPnFM,video,1,ME quité el MIEDO de viajar en los buses de GUATEMALA 🔥,VfBrLONPnFM,,,,,,,UCDfEVbDrimcKw5lfbps915g,De todo Gt,People & Blogs,topic,329489,0.0,0.0,False,False
video::VgcpKa1h_2Q,video,1,CONQUISTA LA CIUDAD / 21K BAM de la Municipalidad de Guatem…,VgcpKa1h_2Q,,,,,,,UC_nkMVSKgO9PeEaZ3LbPodg,21KMuniGuate,Sports,topic,3110,0.0,0.0,False,False
video::VuIl4tjeKGQ,video,1,La ciudad sigue modernizándose para ti y tu familia.,VuIl4tjeKGQ,,,,,,,UCXa6LVjBzUtmcM3cwbd9e2w,Municipalidad de Guatemala,News & Politics,official_gov,39168,0.0,0.0,False,False
video::W415t12o3DA,video,1,Mujer con crisis nerviosa tras intento de asalto,W415t12o3DA,,,,,,,UCt5Dw7ePnn0AqPqRF8Xpjkw,TN23 Guatemala,News & Politics,topic,4737,0.0,0.0,False,False
video::WIUZtitfLRw,video,1,Caminar en una ciudad hecha para carros,WIUZtitfLRw,,,,,,-0.5598447892116383,UCE4rsXcgDb6e1-a9iTbWzfg,Quorum,News & Politics,channel,422,6.0,6.0,True,True
video::WQcgx8rs0Qo,video,1,"PMT SE BURL4 DE UN MOTORISTA D1SC4PACIT4D0, DISCULPESE POR …",WQcgx8rs0Qo,,,,,,,UCH1AYkCs1GpNK_xUwFYTsaQ,Cronos Time GT,Education,official_gov,1861,0.0,0.0,False,False
video::WXA2Apo79jA,video,1,Resumen de atención a Emergencias CIV,WXA2Apo79jA,,,,,,,UCAutgrPkiLhZxTB-Ujje1fw,CIV -Ministerio de Comunicaciones,News & Politics,official_gov,29,0.0,0.0,False,False
video::WXgGL9rZUHo,video,1,#EnvivoDCA | Conferencia de prensa del Gobierno de Guatemala,WXgGL9rZUHo,,,,,,,UCaivrAhro2BpsJdrPe-IyRg,Diario de Centro América,News & Politics,topic,190,0.0,0.0,False,False
video::XLkVzqqL34Q,video,1,Nueva Mega Autopista Xochi en Guatemala 🇬🇹 ¿Vale la pena? (…,XLkVzqqL34Q,,,,,,,UCkXkEfAaEGxUaIT6TBBkwMw,One Life,Entertainment,topic,44510,0.0,0.0,False,False
video::XVZM15KVXjM,video,1,Conoce sobre la actualización de la Norma para la Reducción…,XVZM15KVXjM,,,,,,,UC6SA1dVHvAkc6yNS_t5cbGw,Conred,Education,official_gov,267,0.0,0.0,False,False
video::X_FAIef8qlE,video,1,Cruzando la ciudad a puro Transmetro,X_FAIef8qlE,,,,,,-0.888206748990342,UCE4rsXcgDb6e1-a9iTbWzfg,Quorum,News & Politics,channel,1140,1.0,1.0,True,True
video::XktDG8dmcd0,video,1,Torrenciales lluvias dejan decenas de muertos y miles de ev…,XktDG8dmcd0,,,,,,,UCT4Jg8h03dD0iN3Pb5L0PMA,DW Español,News & Politics,topic,5171,0.0,0.0,False,False
video::YJohmVLc9QA,video,1,How to Get Around Guatemala: Complete Transportation Guide …,YJohmVLc9QA,,,,,,,UCCM52vmXEcGzRlYyjP47PPg,Chris & Grace,Travel & Events,topic,3897,0.0,0.0,False,False
video::YLFXK2c60Xc,video,1,Por estas razones el 65% de las denuncias por violación en …,YLFXK2c60Xc,,,,,,,UCE4rsXcgDb6e1-a9iTbWzfg,Quorum,News & Politics,channel,200,0.0,0.0,False,False
video::YSsECnqTVik,video,1,Suscriben convenios para transferencia de fondos a CAIMUS y…,YSsECnqTVik,,,,,,,UC8u2nvyHewt-mjdWSj0HJmQ,Ministerio de Gobernación,News & Politics,official_gov,15,0.0,0.0,False,False
video::ZHJoIah2Owo,video,1,Conoce como funciona el Sistema Conred #laprevenciónestarea…,ZHJoIah2Owo,,,,,,,UC6SA1dVHvAkc6yNS_t5cbGw,Conred,Education,official_gov,182,0.0,0.0,False,False
video::ZNwStkzWgso,video,1,Elección judicial en Guatemala: Astrid Lemus y Luis Bermejo…,ZNwStkzWgso,,,,,,,UC_lEiu6917IJz03TnntWUaQ,CNN en Español,News & Politics,topic,24636,0.0,0.0,False,False
video::ZPBiWdHXg20,video,1,Piloto de tráiler accidentado en ruta al Atlántico era un m…,ZPBiWdHXg20,,,,,,,UCEepOY2svuxbsJ-zsAPT9Fg,PrensaLibreOficial,News & Politics,topic,233632,0.0,0.0,False,False
video::ZS74P3DnykA,video,1,"Policía Nacional Civil gradúa 3,978 nuevos agentes",ZS74P3DnykA,,,,,,,UCHsYnV67K3J0yJ4QeciVCww,PNCdeGuatemala,News & Politics,official_gov,115270,0.0,0.0,False,False
video::Z_pWnOi7oRw,video,1,#EnVivoDCA | Conferencia de prensa del Gobierno de Guatemala,Z_pWnOi7oRw,,,,,,,UCaivrAhro2BpsJdrPe-IyRg,Diario de Centro América,News & Politics,official_gov,1329,0.0,0.0,False,False
video::ZhrDgVZkhg4,video,1,FORMACION BRIGADA DE PROVIAL,ZhrDgVZkhg4,,,,,,,UCnbd_gs8-e1CQ6izIYtnSig,PROVIAL GUATEMALA,People & Blogs,official_gov,4419,0.0,0.0,False,False
video::_1VIxOLyaUQ,video,1,Sonido de trafico y ciudad 💤 ruido de calle para dormir beb…,_1VIxOLyaUQ,,,,,,,UCKZ0c9xQAIokTOf4iPJd5jw,Ambient Sound Explorer,Entertainment,topic,330057,0.0,0.0,False,False
video::_3kK0or6QI0,video,1,PROVIAL guatemala,_3kK0or6QI0,,,,,,,UCdd624oESXuVlcGtrzMWEBQ,heto009,News & Politics,official_gov,2054,0.0,0.0,False,False
video::_Lcbi4NCHRA,video,1,Tercer Informe General de la República,_Lcbi4NCHRA,,,,,,,UCh4GjKBcqxOsL_Bt8gCCSLg,Gobierno de Guatemala,News & Politics,topic,305269,0.0,0.0,False,False
video::_NSq2q0mzCY,video,1,42K y 21K MuniGuate 🏃🏻🏃🏻‍♀️,_NSq2q0mzCY,,,,,,,UCXa6LVjBzUtmcM3cwbd9e2w,Municipalidad de Guatemala,News & Politics,official_gov,47,0.0,0.0,False,False
video::_cUZT7LMKE0,video,1,Conferencia de Prensa del Gobierno de Guatemala. #LaRondaGt,_cUZT7LMKE0,,,,,,,UC-ZtFBHzgkYFh7whZkuR_Ag,Gobierno de la República de Guatemala,Entertainment,topic,2708,0.0,0.0,False,False
video::a2zgl-1KZwY,video,1,#CadenaNacional | Mensaje del Presidente Bernardo Arévalo a…,a2zgl-1KZwY,,,,,,,UC-ZtFBHzgkYFh7whZkuR_Ag,Gobierno de la República de Guatemala,Entertainment,official_gov,2334,0.0,0.0,False,False
video::a3QGSpNx9Mg,video,1,Guatemala ya no aguanta el tráfico... ¿Funcionará el Aeróme…,a3QGSpNx9Mg,,,,,,,UCHBzKtCUFwHuKFGD3bEHexQ,Entre Caminos,Travel & Events,topic,8098,0.0,0.0,False,False
video::a6QFfhpY53g,video,1,Provial Informa,a6QFfhpY53g,,,,,,,UCuKuUrmHoNaJJHE27Aac9PQ,PROVIAL-CIV,People & Blogs,official_gov,49,0.0,0.0,False,False
video::aRKgOSxgsF0,video,1,@GobiernodeGuatemala,aRKgOSxgsF0,,,,,,,UCX2epzWFbtqhO1Tn2au9NXQ,luis arturo ceberg ulban,People & Blogs,topic,2,0.0,0.0,False,False
video::aSbvMYJhmCc,video,1,Policía Nacional Civil,aSbvMYJhmCc,,,,,,,UC8u2nvyHewt-mjdWSj0HJmQ,Ministerio de Gobernación,News & Politics,official_gov,4346,0.0,0.0,False,False
video::a_kAe9IhBbo,video,1,Tráiler impacta pasarela en Aguilar Batres y provoca cierre…,a_kAe9IhBbo,,,,,,,UCEepOY2svuxbsJ-zsAPT9Fg,PrensaLibreOficial,News & Politics,topic,255,0.0,0.0,False,False
video::ahicr7fQREY,video,1,Conred Podcast Episodio 9: Servidores Cívicos construyendo …,ahicr7fQREY,,,,,,,UC6SA1dVHvAkc6yNS_t5cbGw,Conred,Education,official_gov,65,0.0,0.0,False,False
video::almmnboHkwM,video,1,Se mueve Guate 🚌,almmnboHkwM,,,,,,,UCXa6LVjBzUtmcM3cwbd9e2w,Municipalidad de Guatemala,News & Politics,official_gov,297,0.0,0.0,False,False
video::anFbrgqxdzY,video,1,Horas Antes del Big One | Dentro de Ciudad de Guatemala Exa…,anFbrgqxdzY,,,,,,,UC6Y7Hk0Otm2xeX1WoHOQp6Q,Nostalgia Latina,People & Blogs,topic,222656,0.0,0.0,False,False
video::aoz2j4TTl4E,video,1,Rutas Alternas a partir del lunes 03 de agosto por avances …,aoz2j4TTl4E,,,,,,,UCXa6LVjBzUtmcM3cwbd9e2w,Municipalidad de Guatemala,News & Politics,topic,8905,0.0,0.0,False,False
video::bBz8nX4pMxc,video,1,Conred e Insivumeh informan sobre sismos en Guatemala este …,bBz8nX4pMxc,,,,,,,UCDaIW3kDab95q7iCSeVAnbQ,Guatevisión,Entertainment,official_gov,1115,0.0,0.0,False,False
video::bMoENbSBSNs,video,1,¿Por qué Guatemala es una República? El decreto del 21 de m…,bMoENbSBSNs,,,,,,,UCdHETJl6cR5dye5XxEyqycQ,El profe de Historia Gt,Education,topic,1134,0.0,0.0,False,False
video::b_Hkrkl3adA,video,1,Bloqueos en Guatemala este 31 de agosto por alza en combust…,b_Hkrkl3adA,,,,,,-0.7589701656252146,UCEepOY2svuxbsJ-zsAPT9Fg,PrensaLibreOficial,News & Politics,topic,5469,7.0,7.0,True,True
video::bg1KCMaIrRM,video,1,"¡Atención, vecinos!",bg1KCMaIrRM,,,,,,,UCXa6LVjBzUtmcM3cwbd9e2w,Municipalidad de Guatemala,News & Politics,official_gov,1965,0.0,0.0,False,False
video::bzosgvntOXU,video,1,Municipalidad de Guatemala 05/09/2025,bzosgvntOXU,,,,,,,UCW_PHqwqCCalvQGOEsVU0jw,Concejales de Oposición - Muni Guate,People & Blogs,topic,160,0.0,0.0,False,False
video::cl3Rpw9MstQ,video,1,Municipalidad de Guatemala sigue trabajando,cl3Rpw9MstQ,,,,,,,UCXa6LVjBzUtmcM3cwbd9e2w,Municipalidad de Guatemala,News & Politics,topic,484,0.0,0.0,False,False
video::cpoiRUtF9uU,video,1,Congreso termina jornada sin acuerdos para aliviar precio d…,cpoiRUtF9uU,,,,,,,UC-GLagjBhWAZ3IOWFgzqIAw,Canal Antigua,News & Politics,topic,117,0.0,0.0,False,False
video::csqia7f3OIE,video,1,SISTEMA CONRED Y METODOLOGÍA DE LOS 6 PASOS,csqia7f3OIE,,,,,,,UCzQX0cEQzCZ4ff9-P3gELug,Carlitos Gamboa,People & Blogs,official_gov,509,0.0,0.0,False,False
video::d-V_Aw1t6nI,video,1,Graduacion de la 57 Promocion de la Policia Nacional Civil …,d-V_Aw1t6nI,,,,,,,UCHsYnV67K3J0yJ4QeciVCww,PNCdeGuatemala,People & Blogs,official_gov,1643,0.0,0.0,False,False
video::dJcNu9YYwh4,video,1,"Lluvias, ceniza y calor extremo: así estará el clima en Gua…",dJcNu9YYwh4,,,,,,,UCEepOY2svuxbsJ-zsAPT9Fg,PrensaLibreOficial,News & Politics,topic,1061,0.0,0.0,False,False
video::dLctzx8qCgA,video,1,¿Cómo la CIA ALTERÓ el DESTINO de GUATEMALA para siempre?,dLctzx8qCgA,,,,,,,UCYaMaLJVbMlLwpPACbxPUuQ,Alan Delmonte,Education,topic,108616,0.0,0.0,False,False
video::dWhSTyhegeQ,video,1,Personal de Provial explica de empresas que verificarán imp…,dWhSTyhegeQ,,,,,,,UCrAoF9-9Vvb9_zK0t-m2Rhg,La Hora,News & Politics,official_gov,341,0.0,0.0,False,False
video::dccwBXfxxiI,video,1,¡Espacios iluminados y seguros!,dccwBXfxxiI,,,,,,,UCXa6LVjBzUtmcM3cwbd9e2w,Municipalidad de Guatemala,News & Politics,official_gov,38773,0.0,0.0,False,False
video::dsyLiSCrwcU,video,1,3 KIEBRES ES DOLOROSO QUE EN CHIQUIMULA AÚN HAY COMUNIDADES…,dsyLiSCrwcU,,,,,,,UCH1AYkCs1GpNK_xUwFYTsaQ,Cronos Time GT,Education,topic,701,0.0,0.0,False,False
video::dvy9rQpqLWY,video,1,Conferencia de Prensa del Gobierno de Guatemala. #LaRondaGT,dvy9rQpqLWY,,,,,,,UC-ZtFBHzgkYFh7whZkuR_Ag,Gobierno de la República de Guatemala,Entertainment,topic,959,0.0,0.0,False,False
video::dya9nbxqWXE,video,1,ANDY EL MUÑEQUITO TRABAJADOR 🥴🏍🥴🤣@Soychap1n @lucilaylossina…,dya9nbxqWXE,,,,,,,UCzwR2o8LFAgAMfO0KIcFh0A,CANALES ROBOS Y MENTIRAS 💰🧐,People & Blogs,topic,4939,0.0,0.0,False,False
video::ebbgBtNrRz8,video,1,Las fuertes lluvias en Guatemala dejan al menos tres fallec…,ebbgBtNrRz8,,,,,,,UCRwA1NUcUnwsly35ikGhp0A,Noticias Telemundo,News & Politics,topic,63249,0.0,0.0,False,False
video::ewdf3q1tuCA,video,1,INTERPOL Guatemala captura a mujer por prostituir a señorit…,ewdf3q1tuCA,,,,,,,UCVpSRoZgngfSL03Nlbjtq9A,Noti7,News & Politics,topic,71048,0.0,0.0,False,False
video::fBljA_npiMs,video,1,Refuerzan acciones para prevenir y combatir la trata de per…,fBljA_npiMs,,,,,,,UC8u2nvyHewt-mjdWSj0HJmQ,Ministerio de Gobernación,News & Politics,official_gov,36,0.0,0.0,False,False
video::fenMcON-DjY,video,1,Encendido del Fuego Patrio y Mensaje Vicepresidencial,fenMcON-DjY,,,,,,,UC-ZtFBHzgkYFh7whZkuR_Ag,Gobierno de la República de Guatemala,Entertainment,topic,424,0.0,0.0,False,False
video::ffguGnMImL0,video,1,CIV inicia trabajos de bacheo y limpieza en las diferentes …,ffguGnMImL0,,,,,,,UCh4GjKBcqxOsL_Bt8gCCSLg,Gobierno de Guatemala,News & Politics,official_gov,848,0.0,0.0,False,False
video::g0aCNpZaAZ8,video,1,PMT de Guatemala es ejemplo para otros municipios,g0aCNpZaAZ8,,,,,,,UCXa6LVjBzUtmcM3cwbd9e2w,Municipalidad de Guatemala,News & Politics,official_gov,4103,0.0,0.0,False,False
video::gF42rhVhP8w,video,1,Tenemos un gran problema con la seguridad de las construcci…,gF42rhVhP8w,,,,,,,UCGSQ821fpPy-yXL9mUmKbBg,TanGente Podcast,Entertainment,topic,9033,0.0,0.0,False,False
video::gbcggAMJczg,video,1,Dionel Art s Vídeo danzando con la muerte,gbcggAMJczg,,,,,,,UCedKfsLot_SfwJrfW5OzpPg,Dionel.Art_music,People & Blogs,topic,7,0.0,0.0,False,False
video::go4jAhCJS0w,video,1,Así reaccionaría la guardia presidencial de la Saas en caso…,go4jAhCJS0w,,,,,,,UCEepOY2svuxbsJ-zsAPT9Fg,PrensaLibreOficial,News & Politics,topic,7381,0.0,0.0,False,False
video::hGOvuWe8P3Q,video,1,🔴ENTREGAN A NOROÑA ALITO NEGOCIA CON MONREAL PREPARAN MEGÁF…,hGOvuWe8P3Q,,,,,,,UClivsn4u-h1uJkORB6PD9SQ,Vittor Blogs,News & Politics,topic,6682,0.0,0.0,False,False
video::hy0mwEHr6V0,video,1,MI3 será utilizado dentro de las evaluaciones a aspirantes …,hy0mwEHr6V0,,,,,,,UC8u2nvyHewt-mjdWSj0HJmQ,Ministerio de Gobernación,News & Politics,official_gov,127595,0.0,0.0,False,False
video::iBX5DMQSf3s,video,1,Conmemoramos el 153 Aniversario de la Escuela Politécnica y…,iBX5DMQSf3s,,,,,,,UC-ZtFBHzgkYFh7whZkuR_Ag,Gobierno de la República de Guatemala,Entertainment,topic,1264,0.0,0.0,False,False
video::iCbGedZRRE8,video,1,Conferencia de Prensa del Gobierno de Guatemala. #LaRondaGT,iCbGedZRRE8,,,,,,,UC-ZtFBHzgkYFh7whZkuR_Ag,Gobierno de la República de Guatemala,Entertainment,topic,1058,0.0,0.0,False,False
video::iEmScdnYQdg,video,1,La nueva ruta que evita El Trébol,iEmScdnYQdg,,,,,,,UCmzHLdcizBNiyN5t2mEPp3A,Tráfico Sin Censura,People & Blogs,official_gov,8502,0.0,0.0,False,False
video::iWYddxEszoM,video,1,#EnVivoDCA | Conferencia de prensa del Gobierno de Guatemala,iWYddxEszoM,,,,,,,UCaivrAhro2BpsJdrPe-IyRg,Diario de Centro América,News & Politics,topic,264,0.0,0.0,False,False
video::iacCQ4VyWWc,video,1,"Los conservadores y los liberales, Historia de Guatemala",iacCQ4VyWWc,,,,,,,UC-rcR68a-aLwAnszxTG4--A,Panda 01,People & Blogs,topic,25431,0.0,0.0,False,False
video::ifJFNGT4azU,video,1,Podcast Guatemala Ahora Yo Se: Medidas De Seguridad Con el …,ifJFNGT4azU,,,,,,,UC1B5-Dun1FHWae_rIJdfhow,Ahora Yose,People & Blogs,topic,3631,0.0,0.0,False,False
video::is3Mk5oC19g,video,1,Capturan a ladrón que había quedado grabado mientras robaba…,is3Mk5oC19g,,,,,,-0.6218193894518274,UCt5Dw7ePnn0AqPqRF8Xpjkw,TN23 Guatemala,News & Politics,topic,4616,7.0,7.0,True,True
video::j43HgwYFKfk,video,1,La cooptación de Walter Mazariegos en la USAC,j43HgwYFKfk,,,,,,-0.3421517558116466,UCE4rsXcgDb6e1-a9iTbWzfg,Quorum,News & Politics,topic,10156,50.0,49.0,True,True
video::j4akBH678fw,video,1,El paso a desnivel Calzada Roosevelt lleva más conexión y m…,j4akBH678fw,,,,,,,UC-ZtFBHzgkYFh7whZkuR_Ag,Gobierno de la República de Guatemala,Entertainment,topic,649,0.0,0.0,False,False
video::jQGvhMPMuAI,video,1,#DiálogoCentral | El clima de la semana: adiós a la canícul…,jQGvhMPMuAI,,,,,,,UC-GLagjBhWAZ3IOWFgzqIAw,Canal Antigua,News & Politics,topic,214,0.0,0.0,False,False
video::jSw-nFh94qQ,video,1,Gobernación promueve espacios de sana convivencia,jSw-nFh94qQ,,,,,,,UC8u2nvyHewt-mjdWSj0HJmQ,Ministerio de Gobernación,News & Politics,official_gov,59,0.0,0.0,False,False
video::kaZgtwqwLrI,video,1,@rumzacapait @GobiernodeGuatemala,kaZgtwqwLrI,,,,,,,UCgRLnesCOuua3-JgFlzdS2w,TRAYECTORIA Y EXITO CON ANABELLA CORDON,People & Blogs,topic,74,0.0,0.0,False,False
video::kjwvEESqSHA,video,1,¿VALE la PENA VIAJAR de GUATEMALA a XELA en BUS? Descúbrelo,kjwvEESqSHA,,,,,,,UCDfEVbDrimcKw5lfbps915g,De todo Gt,People & Blogs,topic,216172,0.0,0.0,False,False
video::l-mH80ygqFY,video,1,Avances en proyectos municipales por el desarrollo y bienes…,l-mH80ygqFY,,,,,,,UCXa6LVjBzUtmcM3cwbd9e2w,Municipalidad de Guatemala,News & Politics,topic,256,0.0,0.0,False,False
video::lAsODhYGcTE,video,1,Gobierno busca a toda costa sacar a Consuelo Porras,lAsODhYGcTE,,,,,,,UCzPhFkpD8lwvlX8nGpJqdUw,Noticias VR,People & Blogs,topic,3,0.0,0.0,False,False
video::lNuxq8OKCpc,video,1,Lluvias convierten calles en ríos en Villa Nueva y San Migu…,lNuxq8OKCpc,,,,,,,UCEepOY2svuxbsJ-zsAPT9Fg,PrensaLibreOficial,News & Politics,topic,7663,0.0,0.0,False,False
video::lYyGqHAL5nM,video,1,Comuna lanzó nueva imagen de la PM y PMT,lYyGqHAL5nM,,,,,,,UCXa6LVjBzUtmcM3cwbd9e2w,Municipalidad de Guatemala,People & Blogs,official_gov,286,0.0,0.0,False,False
video::lj983NWyAQY,video,1,Plan 2032 Ciudad de Guatemala,lj983NWyAQY,,,,,,0.609418144999072,UCXa6LVjBzUtmcM3cwbd9e2w,Municipalidad de Guatemala,News & Politics,topic,304089,25.0,25.0,True,True
video::lkdwGwrJKeM,video,1,🇬🇹 ¿Es seguro VIAJAR a Guatemala? Consejos prácticos para q…,lkdwGwrJKeM,,,,,,,UCeMAsS36ZiA56ZNtS8VSuOg,Un Angel Viajando,Travel & Events,topic,5298,0.0,0.0,False,False
video::mCoOL2p0il4,video,1,Municipalidad de Guatemala 08/08/2025,mCoOL2p0il4,,,,,,,UCW_PHqwqCCalvQGOEsVU0jw,Concejales de Oposición - Muni Guate,People & Blogs,topic,118,0.0,0.0,False,False
video::mPtR2HskBTE,video,1,Municipalidad de Guatemala 17/02/2025,mPtR2HskBTE,,,,,,,UCW_PHqwqCCalvQGOEsVU0jw,Concejales de Oposición - Muni Guate,People & Blogs,topic,729,0.0,0.0,False,False
video::mQH6bhmp_LY,video,1,Quorum: ¿Cómo investigamos la crisis del agua?,mQH6bhmp_LY,,,,,,,UCE4rsXcgDb6e1-a9iTbWzfg,Quorum,News & Politics,topic,142,0.0,0.0,False,False
video::n31eyGuRKqo,video,1,El tráfico en Guatemala nos está enfermando - TanGente Salu…,n31eyGuRKqo,,,,,,,UCGSQ821fpPy-yXL9mUmKbBg,TanGente Podcast,People & Blogs,topic,932,0.0,0.0,False,False
video::n4xHxJPNr78,video,1,🚫LOS FAMOSOS BUSES ESMERALDA los mas RÁPIDOS DE GUATEMALA 😱,n4xHxJPNr78,,,,,,,UCDfEVbDrimcKw5lfbps915g,De todo Gt,People & Blogs,topic,3152619,0.0,0.0,False,False
video::n8iP75gIpmw,video,1,Qué rico come tu diputado,n8iP75gIpmw,,,,,,-0.6708551856489586,UCE4rsXcgDb6e1-a9iTbWzfg,Quorum,News & Politics,topic,11775,161.0,128.0,True,True
video::nKJhNH86HGE,video,1,Se realiza taller de UNICEF sobre el plan de acción de la p…,nKJhNH86HGE,,,,,,,UC8u2nvyHewt-mjdWSj0HJmQ,Ministerio de Gobernación,News & Politics,official_gov,7,0.0,0.0,False,False
video::nPbC8-Ebat4,video,1,Pareja de sicarios capturada tras ataque armado contra pilo…,nPbC8-Ebat4,,,,,,,UCHsYnV67K3J0yJ4QeciVCww,PNCdeGuatemala,Science & Technology,official_gov,70537,0.0,0.0,False,False
video::ncOU7iZR5jY,video,1,Carlos Pineda y Andre Pozuelos | Seguridad II- Guatemala ti…,ncOU7iZR5jY,,,,,,,UCInL6HZez6Qn8IHV8Achhxw,Carlos Pineda,People & Blogs,topic,3279,0.0,0.0,False,False
video::ndAZjHqzzT8,video,1,Internet: escoger el menos malo,ndAZjHqzzT8,,,,,,0.0019791701536936066,UCE4rsXcgDb6e1-a9iTbWzfg,Quorum,News & Politics,channel,717,12.0,10.0,True,True
video::nhhXiHI4rrw,video,1,Policía Nacional Civil participa en desfile del día del Ejé…,nhhXiHI4rrw,,,,,,,UCHsYnV67K3J0yJ4QeciVCww,PNCdeGuatemala,News & Politics,official_gov,21534,0.0,0.0,False,False
video::nv6wMdQ997Q,video,1,PMT en todo,nv6wMdQ997Q,,,,,,,UCXa6LVjBzUtmcM3cwbd9e2w,Municipalidad de Guatemala,News & Politics,official_gov,2107,0.0,0.0,False,False
video::pNInRBsPbHE,video,1,Encuentro por el agua,pNInRBsPbHE,,,,,,,UCE4rsXcgDb6e1-a9iTbWzfg,Quorum,News & Politics,channel,185,0.0,0.0,False,False
video::qFsSnnRdJBg,video,1,Avanza construcción de la Estrategia Nacional de Datos Abie…,qFsSnnRdJBg,,,,,,,UC8u2nvyHewt-mjdWSj0HJmQ,Ministerio de Gobernación,News & Politics,official_gov,11,0.0,0.0,False,False
video::qrdEegnTnaY,video,1,XVII Promoción de Brigadas PROVIAL,qrdEegnTnaY,,,,,,,UCuKuUrmHoNaJJHE27Aac9PQ,PROVIAL-CIV,People & Blogs,official_gov,416,0.0,0.0,False,False
video::rNpBtQXUMbE,video,1,PMT es ejemplo en Guatemala,rNpBtQXUMbE,,,,,,,UCXa6LVjBzUtmcM3cwbd9e2w,Municipalidad de Guatemala,News & Politics,official_gov,3212,0.0,0.0,False,False
video::rQEb4el3Lok,video,1,"Policía Nacional Civil en busca de mareros, imitadores y co…",rQEb4el3Lok,,,,,,,UCHsYnV67K3J0yJ4QeciVCww,PNCdeGuatemala,News & Politics,official_gov,9637,0.0,0.0,False,False
video::rSQKmOX1Tfc,video,1,TU VIDA VALE PROVIAL TIEMPO AZUL & PAOLA PÉRLOP,rSQKmOX1Tfc,,,,,,,UCquHy3UnphbYGF62_j6W_yQ,Mosca Visión,Music,official_gov,5262,0.0,0.0,False,False
video::rjFut_yJcr8,video,1,Ministro de CIV conversó sobre los retos actuales de la inf…,rjFut_yJcr8,,,,,,,UC-GLagjBhWAZ3IOWFgzqIAw,Canal Antigua,News & Politics,official_gov,800,0.0,0.0,False,False
video::s0eco-BofOs,video,1,¿Quiénes pagan más en Centroamérica?,s0eco-BofOs,,,,,,0.7178555652499199,UCE4rsXcgDb6e1-a9iTbWzfg,Quorum,News & Politics,topic,220,1.0,1.0,True,True
video::sAPrXzrdstM,video,1,Funciones del Ministerio de Gobernación,sAPrXzrdstM,,,,,,,UC8u2nvyHewt-mjdWSj0HJmQ,Ministerio de Gobernación,News & Politics,official_gov,8970,0.0,0.0,False,False
video::soZMwC0Cj18,video,1,Lluvias causan inundaciones y deslizamiento en Alta Verapaz,soZMwC0Cj18,,,,,,,UCEepOY2svuxbsJ-zsAPT9Fg,PrensaLibreOficial,News & Politics,topic,1405,0.0,0.0,False,False
video::tEfZlrP4L5I,video,1,#EnVivoDCA | Conferencia de Prensa del Gobierno de Guatemala,tEfZlrP4L5I,,,,,,,UCaivrAhro2BpsJdrPe-IyRg,Diario de Centro América,News & Politics,official_gov,265,0.0,0.0,False,False
video::tK__qZZ-H5w,video,1,Conferencia de Prensa del Gobierno de Guatemala. #LaRondaGT,tK__qZZ-H5w,,,,,,,UC-ZtFBHzgkYFh7whZkuR_Ag,Gobierno de la República de Guatemala,Entertainment,topic,866,0.0,0.0,False,False
video::tXLhWHWGaao,video,1,Breve historia política de Guatemala,tXLhWHWGaao,,,,,,,UCo1g4EQqLwMO9RqEv1rCUpQ,Crónica Panamericana,People & Blogs,topic,144134,0.0,0.0,False,False
video::tb6LaOWGAIo,video,1,"Guía Definitiva para viajar a Guatemala 2026 🇬🇹 Qué ver, it…",tb6LaOWGAIo,,,,,,,UC70eD0hNEwDNAfNlqfRWlGA,Welcome to el Mundo,Travel & Events,topic,104869,0.0,0.0,False,False
video::tcAQGuuo_Uc,video,1,El Ministerio de Gobernación Guatemala brinda conferencia d…,tcAQGuuo_Uc,,,,,,,UC-ZtFBHzgkYFh7whZkuR_Ag,Gobierno de la República de Guatemala,Entertainment,official_gov,2254,0.0,0.0,False,False
video::tg2QuZFdn4c,video,1,🔴 En Vivo | Sesión Solemne de Consejo de Gobierno en Limón,tg2QuZFdn4c,,,,,,,UCLXHie0velori7_dqu8w_bQ,Presidencia de la República,News & Politics,official_gov,15726,0.0,0.0,False,False
video::tmvTbeQNCTI,video,1,"Hoy SABRÁN Qué Grado ACADÉMICO Tenemos, Todos Son PROFESION…",tmvTbeQNCTI,,,,,,,UCTClcvXaWXGeZheUQFTQLRw,Gente de Guate,Entertainment,topic,15482,0.0,0.0,False,False
video::tqcZFVSXARQ,video,1,¿Listo para decir tengo #MiPrimeraCasa? 🏠✨,tqcZFVSXARQ,,,,,,,UC-ZtFBHzgkYFh7whZkuR_Ag,Gobierno de la República de Guatemala,Entertainment,topic,1373,0.0,0.0,False,False
video::vA6p51f14J4,video,1,Horarios especiales por celebraciones de fin de año,vA6p51f14J4,,,,,,,UCXa6LVjBzUtmcM3cwbd9e2w,Municipalidad de Guatemala,News & Politics,topic,606,0.0,0.0,False,False
video::vCtk_0NzB3s,video,1,Clima en Guatemala esta semana: calor de hasta 39 °C y lluv…,vCtk_0NzB3s,,,,,,,UCEepOY2svuxbsJ-zsAPT9Fg,PrensaLibreOficial,News & Politics,topic,1534,0.0,0.0,False,False
video::vDVXM8ODuzM,video,1,#EnVivoDCA | Conferencia de Prensa del Gobierno de Guatemala,vDVXM8ODuzM,,,,,,,UCaivrAhro2BpsJdrPe-IyRg,Diario de Centro América,News & Politics,official_gov,214,0.0,0.0,False,False
video::vNUiF-stTdo,video,1,resumen de noticias,vNUiF-stTdo,,,,,,,UCYaCfDw7q5l_S1UHjdfzODQ,INFOM TV,News & Politics,topic,23,0.0,0.0,False,False
video::vp9MPfDG6AE,video,1,"Comunicado – COVIAL / Ministerio de Comunicaciones, Infraes…",vp9MPfDG6AE,,,,,,,UCVpSRoZgngfSL03Nlbjtq9A,Noti7,News & Politics,official_gov,260,0.0,0.0,False,False
video::vqcF9RFMOLQ,video,1,"Ciudad de Guatemala, el mejor lugar para vivir",vqcF9RFMOLQ,,,,,,,UCXa6LVjBzUtmcM3cwbd9e2w,Municipalidad de Guatemala,News & Politics,official_gov,215,0.0,0.0,False,False
video::w57G_5jsqtU,video,1,Tráfico intenso por regreso a clases del sector público ext…,w57G_5jsqtU,,,,,,,UCEepOY2svuxbsJ-zsAPT9Fg,PrensaLibreOficial,News & Politics,topic,625,0.0,0.0,False,False
video::wS6yC3yOAeA,video,1,Noticiero El Informativo. Nuestra semana de resultados.,wS6yC3yOAeA,,,,,,,UC-ZtFBHzgkYFh7whZkuR_Ag,Gobierno de la República de Guatemala,Entertainment,topic,1383,0.0,0.0,False,False
video::wVncmfsugww,video,1,"Spot Rendición de Cuentas, tercer cuatrimestre 2023 - 1",wVncmfsugww,,,,,,,UCAutgrPkiLhZxTB-Ujje1fw,CIV -Ministerio de Comunicaciones,People & Blogs,official_gov,15,0.0,0.0,False,False
video::wYZPaJdVuhE,video,1,#LaCharla ¿Quién dirigirá el sistema portuario y qué decisi…,wYZPaJdVuhE,,,,,,,UCDaIW3kDab95q7iCSeVAnbQ,Guatevisión,News & Politics,topic,202,0.0,0.0,False,False
video::wm1f52Mvzag,video,1,Gloria Álvarez: ¿Podría ser la próxima presidenta de Guatem…,wm1f52Mvzag,,,,,,,UCN5tcDI7z6vN9s3p3n_JtoQ,Jorge Ramos,News & Politics,topic,31357,0.0,0.0,False,False
video::wpYwX-bGoz0,video,1,CIV prioriza proyectos con potencial para generar desarroll…,wpYwX-bGoz0,,,,,,,UCAutgrPkiLhZxTB-Ujje1fw,CIV -Ministerio de Comunicaciones,People & Blogs,official_gov,468,0.0,0.0,False,False
video::x9TPnjUeuoo,video,1,VIDEO INSTITUCIONAL PROVIAL,x9TPnjUeuoo,,,,,,,UCAutgrPkiLhZxTB-Ujje1fw,CIV -Ministerio de Comunicaciones,People & Blogs,official_gov,2250,0.0,0.0,False,False
video::xEcC_aMDhAk,video,1,MINGOB y COPADEH avanzan en la protección de personas defen…,xEcC_aMDhAk,,,,,,,UC8u2nvyHewt-mjdWSj0HJmQ,Ministerio de Gobernación,News & Politics,official_gov,17,0.0,0.0,False,False
video::xQgP0n8hVSI,video,1,"Primero te usan, y cuando ya no les sirves te desechan.",xQgP0n8hVSI,,,,,,,UC8u2nvyHewt-mjdWSj0HJmQ,Ministerio de Gobernación,News & Politics,official_gov,28,0.0,0.0,False,False
video::x_CB0ZRLQTA,video,1,Ricardo Quiñónez paga con nuestros impuestos netcenter,x_CB0ZRLQTA,,,,,,,UCaFyLdpZa60tkGfjOsznHSg,AlcaldexAccidente,People & Blogs,topic,29419,0.0,0.0,False,False
video::y8XMbMxMF8E,video,1,"Gracias a la inteligencia, coordinación y firmeza, se dió u…",y8XMbMxMF8E,,,,,,,UC8u2nvyHewt-mjdWSj0HJmQ,Ministerio de Gobernación,News & Politics,official_gov,84,0.0,0.0,False,False
video::yCmBtmOm6nw,video,1,“¿DÓNDE ESTÁN?”: GOBIERNO IMPULSA MECANISMO PARA BUSCAR A D…,yCmBtmOm6nw,,,,,,,UCgItjn_ZWFWcv1MlpKIkqgQ,IDocumenta,News & Politics,topic,6,0.0,0.0,False,False
video::yLZS3JiEBg8,video,1,Arroz con pollo a la MONOPOLIO,yLZS3JiEBg8,,,,,,-0.23566478485008702,UCE4rsXcgDb6e1-a9iTbWzfg,Quorum,News & Politics,channel,1954,16.0,16.0,True,True
video::zfJlUXRSaCU,video,1,Brief Political History of Guatemala,zfJlUXRSaCU,,,,,,,UCo1g4EQqLwMO9RqEv1rCUpQ,Crónica Panamericana,People & Blogs,topic,53547,0.0,0.0,False,False
video::zweosulrwA8,video,1,Edén por Salud: empleo inclusivo para personas con discapac…,zweosulrwA8,,,,,,0.5236745104193687,UCE4rsXcgDb6e1-a9iTbWzfg,Quorum,Nonprofits & Activism,topic,52,1.0,1.0,True,True
video::zyA0BpEYcQU,video,1,Discusión entre conductor y jefe de la PMT,zyA0BpEYcQU,,,,,,,UC_Lj2naQPP8vmyDu-AEOo-w,Nuestro Mundo,People & Blogs,official_gov,55349,0.0,0.0,False,False
