origen,destino,peso,likes,respuestas,sent_medio,tipo_arista,author_channel_id,author_handle,video_id,title,channel_name
author::UC-HeUTT6_g-VoiWds2a4H-w,video::6W4u8sGEnGM,1,0,0,0.449,comento_en,UC-HeUTT6_g-VoiWds2a4H-w,@JorgeMunoz-gd9et,6W4u8sGEnGM,Inician los trabajos de recuperación del Puente Belice II.,Gobierno de la República de Guatemala
author::UC-Iul5tDYH_oiAMXQH-KaaQ,video::6W4u8sGEnGM,1,1,0,0.92,comento_en,UC-Iul5tDYH_oiAMXQH-KaaQ,@AlbertoMancilla-p9h,6W4u8sGEnGM,Inician los trabajos de recuperación del Puente Belice II.,Gobierno de la República de Guatemala
author::UC-QOpE7GOxlXcHZ8b7HbQKA,video::OkXlHx0hx-8,2,0,0,-0.742,comento_en,UC-QOpE7GOxlXcHZ8b7HbQKA,@mariaalexander427,OkXlHx0hx-8,EE.UU. envía a mexicanos deportados a Guatemala antes de su regreso a México | Noticias Telemundo,Noticias Telemundo
author::UC-fiZBS5Gp1eCJd9ucgWnCg,video::j43HgwYFKfk,1,6,0,-0.476,comento_en,UC-fiZBS5Gp1eCJd9ucgWnCg,@Tommii.10,j43HgwYFKfk,La cooptación de Walter Mazariegos en la USAC,Quorum
author::UC-hfX8J5JPJ-dfuakzegMLA,video::n8iP75gIpmw,1,6,0,0.574,comento_en,UC-hfX8J5JPJ-dfuakzegMLA,@normaleticiaorozcojuarez2418,n8iP75gIpmw,Qué rico come tu diputado,Quorum
author::UC-jS_kA9w-OmpupXDx156Rg,video::n8iP75gIpmw,1,2,0,-0.963,comento_en,UC-jS_kA9w-OmpupXDx156Rg,@simoncreyesc7579,n8iP75gIpmw,Qué rico come tu diputado,Quorum
author::UC-pNP6RMFuLg_-x7Ah_0kEA,video::n8iP75gIpmw,1,5,0,-0.945,comento_en,UC-pNP6RMFuLg_-x7Ah_0kEA,@almacatalan2717,n8iP75gIpmw,Qué rico come tu diputado,Quorum
author::UC094EFEmMSdwVa8NQjjYBXg,video::b_Hkrkl3adA,1,0,0,-0.157,comento_en,UC094EFEmMSdwVa8NQjjYBXg,@CelestinoQuej-j7k,b_Hkrkl3adA,Bloqueos en Guatemala este 31 de agosto por alza en combustibles afectan rutas principales,PrensaLibreOficial
author::UC0HvfEWozTHbwl_iEmJNvVA,video::6W4u8sGEnGM,1,3,0,-0.431,comento_en,UC0HvfEWozTHbwl_iEmJNvVA,@OttoPalencia-b7r,6W4u8sGEnGM,Inician los trabajos de recuperación del Puente Belice II.,Gobierno de la República de Guatemala
author::UC0RpuMwkDKJYqgKHtsJRuWQ,video::lj983NWyAQY,1,113,1,0.972,comento_en,UC0RpuMwkDKJYqgKHtsJRuWQ,@sabinamarinaguerra3248,lj983NWyAQY,Plan 2032 Ciudad de Guatemala,Municipalidad de Guatemala
author::UC0aEyakBPqcBkVJiErfSupQ,video::lj983NWyAQY,1,70,0,0.867,comento_en,UC0aEyakBPqcBkVJiErfSupQ,@jhonymanuel9891,lj983NWyAQY,Plan 2032 Ciudad de Guatemala,Municipalidad de Guatemala
author::UC14qlobYKqD-DO0j6b75lcA,video::6W4u8sGEnGM,1,0,0,0.159,comento_en,UC14qlobYKqD-DO0j6b75lcA,@megavision4488,6W4u8sGEnGM,Inician los trabajos de recuperación del Puente Belice II.,Gobierno de la República de Guatemala
author::UC1DpqK6vaPEkBOMNvypsKYg,video::j43HgwYFKfk,1,0,0,-0.911,comento_en,UC1DpqK6vaPEkBOMNvypsKYg,@HectorCarranza-u4j4o,j43HgwYFKfk,La cooptación de Walter Mazariegos en la USAC,Quorum
author::UC1NiEdJ7gk6FlDexIalWnGg,video::6W4u8sGEnGM,1,0,0,-0.969,comento_en,UC1NiEdJ7gk6FlDexIalWnGg,@BorisTebalán,6W4u8sGEnGM,Inician los trabajos de recuperación del Puente Belice II.,Gobierno de la República de Guatemala
author::UC1WlJfQmaIskYhP4gmWoamw,video::OkXlHx0hx-8,1,2,1,-0.98,comento_en,UC1WlJfQmaIskYhP4gmWoamw,@marthareiss5434,OkXlHx0hx-8,EE.UU. envía a mexicanos deportados a Guatemala antes de su regreso a México | Noticias Telemundo,Noticias Telemundo
author::UC1Y7x3h0c95Z8kUhi-Tzaeg,video::PjmxCj-a9Hg,1,0,0,-0.909,comento_en,UC1Y7x3h0c95Z8kUhi-Tzaeg,@rosadiaz9235,PjmxCj-a9Hg,Conferencia de Prensa del Gobierno de Guatemala. #LaRondaGt,Gobierno de la República de Guatemala
author::UC1vr9aaMI2crB0NvwFHUeoQ,video::n8iP75gIpmw,1,0,0,-0.971,comento_en,UC1vr9aaMI2crB0NvwFHUeoQ,@JoseSimilox-p6e,n8iP75gIpmw,Qué rico come tu diputado,Quorum
author::UC2Y_EHWQKevubk4vOEBBFxw,video::n8iP75gIpmw,1,1,0,-0.837,comento_en,UC2Y_EHWQKevubk4vOEBBFxw,@alfonsomorales2653,n8iP75gIpmw,Qué rico come tu diputado,Quorum
author::UC2ngpd8UBQu4gcUYy0goAtg,video::06mFNPU0aB8,1,0,0,-0.827,comento_en,UC2ngpd8UBQu4gcUYy0goAtg,@juliohernandez7438,06mFNPU0aB8,Capturan a presuntos delincuentes disfrazados de mujer señalados de cometer asalto,Noti7
author::UC2weSE8rpqkGMOp6StYtVfg,video::n8iP75gIpmw,1,1,0,-0.976,comento_en,UC2weSE8rpqkGMOp6StYtVfg,@katerynsantiago2907,n8iP75gIpmw,Qué rico come tu diputado,Quorum
author::UC32oozucwCF3q8d4m8fyOUg,video::j43HgwYFKfk,1,0,0,-0.869,comento_en,UC32oozucwCF3q8d4m8fyOUg,@RauldejesusOlivagonzalez,j43HgwYFKfk,La cooptación de Walter Mazariegos en la USAC,Quorum
author::UC3E9mAgP7VoAE5mZoAexl5g,video::n8iP75gIpmw,1,0,0,-0.972,comento_en,UC3E9mAgP7VoAE5mZoAexl5g,@EnnioAroche,n8iP75gIpmw,Qué rico come tu diputado,Quorum
author::UC3MYTqpQqlWBuCB7Th0e0PA,video::n8iP75gIpmw,1,4,0,0.931,comento_en,UC3MYTqpQqlWBuCB7Th0e0PA,@isaaclopez7220,n8iP75gIpmw,Qué rico come tu diputado,Quorum
author::UC3NMzdMYryaw82kPTnsaljg,video::n8iP75gIpmw,1,0,0,-0.881,comento_en,UC3NMzdMYryaw82kPTnsaljg,@marisosa7832,n8iP75gIpmw,Qué rico come tu diputado,Quorum
author::UC3UVO7pTbeYvZ3ILEyRDskQ,video::j43HgwYFKfk,1,1,0,-0.538,comento_en,UC3UVO7pTbeYvZ3ILEyRDskQ,@rosaelenaargueta79,j43HgwYFKfk,La cooptación de Walter Mazariegos en la USAC,Quorum
author::UC3XTwHxygNCgjndsg-UiCQA,video::n8iP75gIpmw,3,2,0,-0.954,comento_en,UC3XTwHxygNCgjndsg-UiCQA,@marioajset4283,n8iP75gIpmw,Qué rico come tu diputado,Quorum
author::UC3YpzAr7pcdKC7BVFEpYzog,video::6W4u8sGEnGM,1,4,1,-0.91,comento_en,UC3YpzAr7pcdKC7BVFEpYzog,@carmenfigueroa1232,6W4u8sGEnGM,Inician los trabajos de recuperación del Puente Belice II.,Gobierno de la República de Guatemala
author::UC3iIU62XKUOWuqL8BqBzj9A,video::b_Hkrkl3adA,1,0,0,-0.893,comento_en,UC3iIU62XKUOWuqL8BqBzj9A,@antonioduarte2288,b_Hkrkl3adA,Bloqueos en Guatemala este 31 de agosto por alza en combustibles afectan rutas principales,PrensaLibreOficial
author::UC3qn1yJA5PeW9rkGPatQxiw,video::n8iP75gIpmw,1,7,0,-0.326,comento_en,UC3qn1yJA5PeW9rkGPatQxiw,@VICTOREST19,n8iP75gIpmw,Qué rico come tu diputado,Quorum
author::UC4Avya4kmR4Q0FrfFdBozSQ,video::j43HgwYFKfk,1,11,0,-0.224,comento_en,UC4Avya4kmR4Q0FrfFdBozSQ,@davidlima1348,j43HgwYFKfk,La cooptación de Walter Mazariegos en la USAC,Quorum
author::UC4cXueR2bKGFJV0Fk76gwmA,video::n8iP75gIpmw,1,0,0,-0.967,comento_en,UC4cXueR2bKGFJV0Fk76gwmA,@aluxdel4792,n8iP75gIpmw,Qué rico come tu diputado,Quorum
author::UC4kg7zuTfqQKLd2bkZrSYBA,video::is3Mk5oC19g,1,0,0,-0.774,comento_en,UC4kg7zuTfqQKLd2bkZrSYBA,@zoilagarcia9019,is3Mk5oC19g,Capturan a ladrón que había quedado grabado mientras robaba en una parroquia de Retalhuleu,TN23 Guatemala
author::UC4wq3DcbfaG6dtCqn8Oyu3w,video::n8iP75gIpmw,1,1,0,-0.807,comento_en,UC4wq3DcbfaG6dtCqn8Oyu3w,@hugoasencio7764,n8iP75gIpmw,Qué rico come tu diputado,Quorum
author::UC5H8ASmMC9WrURmzeB4ySog,video::n8iP75gIpmw,5,6,0,-0.025,comento_en,UC5H8ASmMC9WrURmzeB4ySog,@ManuelEdran,n8iP75gIpmw,Qué rico come tu diputado,Quorum
author::UC5PrBbmUlQolwqmiru7yZhw,video::b_Hkrkl3adA,1,0,1,-0.773,comento_en,UC5PrBbmUlQolwqmiru7yZhw,@lazarochavez8269,b_Hkrkl3adA,Bloqueos en Guatemala este 31 de agosto por alza en combustibles afectan rutas principales,PrensaLibreOficial
author::UC5PyGvSfFM--OVKmQ3COu6g,video::lj983NWyAQY,1,3,0,0.872,comento_en,UC5PyGvSfFM--OVKmQ3COu6g,@FreddyGmez,lj983NWyAQY,Plan 2032 Ciudad de Guatemala,Municipalidad de Guatemala
author::UC5bG9nc_JV3FsNP2KseQiYw,video::n8iP75gIpmw,1,2,0,-0.964,comento_en,UC5bG9nc_JV3FsNP2KseQiYw,@giovannirodas4836,n8iP75gIpmw,Qué rico come tu diputado,Quorum
author::UC5fvhAfm89JH8eDFdvc0xYw,video::lj983NWyAQY,1,0,0,0.471,comento_en,UC5fvhAfm89JH8eDFdvc0xYw,@isaidiaz2388,lj983NWyAQY,Plan 2032 Ciudad de Guatemala,Municipalidad de Guatemala
author::UC5hvEnRUzI4Kfvwnyi4QxqQ,video::j43HgwYFKfk,1,2,0,0.727,comento_en,UC5hvEnRUzI4Kfvwnyi4QxqQ,@leonelsantizo5281,j43HgwYFKfk,La cooptación de Walter Mazariegos en la USAC,Quorum
author::UC5wuDq3U3vRAhOQI3D7gNdw,video::ndAZjHqzzT8,1,2,1,0.817,comento_en,UC5wuDq3U3vRAhOQI3D7gNdw,@allanreneramirezgonzalez534,ndAZjHqzzT8,Internet: escoger el menos malo,Quorum
author::UC63tFvbQ_hJhGDi2nbjssjw,video::6W4u8sGEnGM,1,2,0,-0.902,comento_en,UC63tFvbQ_hJhGDi2nbjssjw,@AbigailRodas-w2r,6W4u8sGEnGM,Inician los trabajos de recuperación del Puente Belice II.,Gobierno de la República de Guatemala
author::UC650pRT-OYzny3GwOH8Cgfw,video::n8iP75gIpmw,1,1,0,-0.984,comento_en,UC650pRT-OYzny3GwOH8Cgfw,@edvinparedesherrera7632,n8iP75gIpmw,Qué rico come tu diputado,Quorum
author::UC6PvO1_k5lHKGdAPo5_C6TA,video::n8iP75gIpmw,1,1,0,-0.936,comento_en,UC6PvO1_k5lHKGdAPo5_C6TA,@johnmejia992,n8iP75gIpmw,Qué rico come tu diputado,Quorum
author::UC6Uj1FT5JjDSF8vudvDxPAA,video::j43HgwYFKfk,1,1,0,0.638,comento_en,UC6Uj1FT5JjDSF8vudvDxPAA,@alfredoortega9264,j43HgwYFKfk,La cooptación de Walter Mazariegos en la USAC,Quorum
author::UC6YSZqL0vEcI-niPKIMUGfw,video::n8iP75gIpmw,1,2,0,-0.982,comento_en,UC6YSZqL0vEcI-niPKIMUGfw,@maxwellsales885,n8iP75gIpmw,Qué rico come tu diputado,Quorum
author::UC6xI_MOaxajIWpoP8BH6E_Q,video::s0eco-BofOs,1,0,0,0.718,comento_en,UC6xI_MOaxajIWpoP8BH6E_Q,@jahirdiaz5862,s0eco-BofOs,¿Quiénes pagan más en Centroamérica?,Quorum
author::UC72gBAtyb_VXQlYDcFrh6oQ,video::n8iP75gIpmw,3,19,0,-0.751,comento_en,UC72gBAtyb_VXQlYDcFrh6oQ,@osmanmorales3012,n8iP75gIpmw,Qué rico come tu diputado,Quorum
author::UC7IMsCxfZyWN7YQo8-JYa6Q,video::PjmxCj-a9Hg,2,1,0,-0.004,comento_en,UC7IMsCxfZyWN7YQo8-JYa6Q,@Burgos68,PjmxCj-a9Hg,Conferencia de Prensa del Gobierno de Guatemala. #LaRondaGt,Gobierno de la República de Guatemala
author::UC7VUuJr9cGh845CmTvf7TlQ,video::n8iP75gIpmw,1,1,0,-0.96,comento_en,UC7VUuJr9cGh845CmTvf7TlQ,@LuisCastillo-oz4df,n8iP75gIpmw,Qué rico come tu diputado,Quorum
author::UC7dadZG7kkGYnsNu6td0FbA,video::j43HgwYFKfk,1,18,0,-0.732,comento_en,UC7dadZG7kkGYnsNu6td0FbA,@lesolorzano,j43HgwYFKfk,La cooptación de Walter Mazariegos en la USAC,Quorum
author::UC816IGbFCZinfYS1LRDaaHg,video::j43HgwYFKfk,1,1,0,-0.015,comento_en,UC816IGbFCZinfYS1LRDaaHg,@ingenieroar,j43HgwYFKfk,La cooptación de Walter Mazariegos en la USAC,Quorum
author::UC8F2V63KZ4ZEay6opX2hAQw,video::n8iP75gIpmw,1,0,0,-0.972,comento_en,UC8F2V63KZ4ZEay6opX2hAQw,@carmenr6311,n8iP75gIpmw,Qué rico come tu diputado,Quorum
author::UC8G5cJONY8L9voMyBW8Eoug,video::n8iP75gIpmw,1,0,0,-0.941,comento_en,UC8G5cJONY8L9voMyBW8Eoug,@luisparedes-pw6qt,n8iP75gIpmw,Qué rico come tu diputado,Quorum
author::UC8r11yOugM2NuRfitQOxLLg,video::n8iP75gIpmw,1,1,0,-0.976,comento_en,UC8r11yOugM2NuRfitQOxLLg,@cesaraugustomoralesmonroy6907,n8iP75gIpmw,Qué rico come tu diputado,Quorum
author::UC8xlJWNHz1V_W6q3fbuQH8g,video::PjmxCj-a9Hg,1,1,0,0.864,comento_en,UC8xlJWNHz1V_W6q3fbuQH8g,@NormaLópez-v7e,PjmxCj-a9Hg,Conferencia de Prensa del Gobierno de Guatemala. #LaRondaGt,Gobierno de la República de Guatemala
author::UC95PSMouTx2N5CbSq0hIyrQ,video::j43HgwYFKfk,1,0,0,-0.214,comento_en,UC95PSMouTx2N5CbSq0hIyrQ,@lisss1908,j43HgwYFKfk,La cooptación de Walter Mazariegos en la USAC,Quorum
author::UC9Wp6vL5oCU37qC3Aj94WZA,video::b_Hkrkl3adA,1,0,0,-0.949,comento_en,UC9Wp6vL5oCU37qC3Aj94WZA,@ManuelSanchez-b8q2z,b_Hkrkl3adA,Bloqueos en Guatemala este 31 de agosto por alza en combustibles afectan rutas principales,PrensaLibreOficial
author::UC9vMq1YF-e7C-VO0SHkbUTA,video::n8iP75gIpmw,4,0,0,-0.85,comento_en,UC9vMq1YF-e7C-VO0SHkbUTA,@ErvinLeonardoCarreraLatín,n8iP75gIpmw,Qué rico come tu diputado,Quorum
author::UC9xr9QvIcDvoZNUX5f-jaZw,video::n8iP75gIpmw,1,0,0,-0.556,comento_en,UC9xr9QvIcDvoZNUX5f-jaZw,@MariaaliciaColonmorales,n8iP75gIpmw,Qué rico come tu diputado,Quorum
author::UCA93ym2TXs_Ibyxb4Vcn-6Q,video::n8iP75gIpmw,1,0,0,-0.939,comento_en,UCA93ym2TXs_Ibyxb4Vcn-6Q,@oswaldosolis8728,n8iP75gIpmw,Qué rico come tu diputado,Quorum
author::UCAKuKvcbfnBD3kF5njNu-IA,video::j43HgwYFKfk,1,0,0,0.899,comento_en,UCAKuKvcbfnBD3kF5njNu-IA,@melvinlopez7096,j43HgwYFKfk,La cooptación de Walter Mazariegos en la USAC,Quorum
author::UCAV7QIjYhbDJaycQycM_0eQ,video::PjmxCj-a9Hg,1,3,0,-0.348,comento_en,UCAV7QIjYhbDJaycQycM_0eQ,@mariavail8998,PjmxCj-a9Hg,Conferencia de Prensa del Gobierno de Guatemala. #LaRondaGt,Gobierno de la República de Guatemala
author::UCAlzM_N6xBlMYmM8EBzX86Q,video::n8iP75gIpmw,1,3,0,-0.928,comento_en,UCAlzM_N6xBlMYmM8EBzX86Q,@carlossoto3252,n8iP75gIpmw,Qué rico come tu diputado,Quorum
author::UCAmtbUiIrUIhikru0ZoTFig,video::n8iP75gIpmw,1,7,0,-0.874,comento_en,UCAmtbUiIrUIhikru0ZoTFig,@Aura-vf6dm,n8iP75gIpmw,Qué rico come tu diputado,Quorum
author::UCAxvOOHQk7dYPOajzFEVtbA,video::06mFNPU0aB8,2,0,0,-0.116,comento_en,UCAxvOOHQk7dYPOajzFEVtbA,@ruddydepaz322,06mFNPU0aB8,Capturan a presuntos delincuentes disfrazados de mujer señalados de cometer asalto,Noti7
author::UCB5p8a5gklc80jJItP6xTHg,video::n8iP75gIpmw,1,6,0,-0.75,comento_en,UCB5p8a5gklc80jJItP6xTHg,@ernestogamboa8737,n8iP75gIpmw,Qué rico come tu diputado,Quorum
author::UCBlm80VQ4YoV3bUJR_XhkaQ,video::OkXlHx0hx-8,2,0,3,-0.343,comento_en,UCBlm80VQ4YoV3bUJR_XhkaQ,@rosadiaz6945,OkXlHx0hx-8,EE.UU. envía a mexicanos deportados a Guatemala antes de su regreso a México | Noticias Telemundo,Noticias Telemundo
author::UCBtB5dIyx-C16UN8ClUD2UA,video::is3Mk5oC19g,1,0,0,-0.552,comento_en,UCBtB5dIyx-C16UN8ClUD2UA,@alexmonzon4257,is3Mk5oC19g,Capturan a ladrón que había quedado grabado mientras robaba en una parroquia de Retalhuleu,TN23 Guatemala
author::UCCBYcToQ2dwkd6TJh0FSyDg,video::j43HgwYFKfk,1,0,0,-0.378,comento_en,UCCBYcToQ2dwkd6TJh0FSyDg,@lidiarodriguez3493,j43HgwYFKfk,La cooptación de Walter Mazariegos en la USAC,Quorum
author::UCCUmP4PlbwgikVFpYwbtRTg,video::yLZS3JiEBg8,1,3,0,0.92,comento_en,UCCUmP4PlbwgikVFpYwbtRTg,@alhvi,yLZS3JiEBg8,Arroz con pollo a la MONOPOLIO,Quorum
author::UCCaYwkkbQGcvFoUmothVdQQ,video::n8iP75gIpmw,1,0,0,-0.942,comento_en,UCCaYwkkbQGcvFoUmothVdQQ,@OsvaldoAguirre-l3i,n8iP75gIpmw,Qué rico come tu diputado,Quorum
author::UCDIMztpVm7G27qBuiWuT6oQ,video::n8iP75gIpmw,1,0,0,-0.453,comento_en,UCDIMztpVm7G27qBuiWuT6oQ,@lizardomorataya8274,n8iP75gIpmw,Qué rico come tu diputado,Quorum
author::UCDPWkUX3sNNaCx-m1dV4glA,video::n8iP75gIpmw,1,0,0,-0.891,comento_en,UCDPWkUX3sNNaCx-m1dV4glA,@hectoroliva949,n8iP75gIpmw,Qué rico come tu diputado,Quorum
author::UCDQaQv0hr2SS_PO-CMEwVHg,video::n8iP75gIpmw,1,1,0,-0.627,comento_en,UCDQaQv0hr2SS_PO-CMEwVHg,@federicosaquimux1933,n8iP75gIpmw,Qué rico come tu diputado,Quorum
author::UCDUffaruH6dyUnUGwsTKpgg,video::n8iP75gIpmw,1,2,0,-0.802,comento_en,UCDUffaruH6dyUnUGwsTKpgg,@luisletona2842,n8iP75gIpmw,Qué rico come tu diputado,Quorum
author::UCDftMWXQoJ6nONfY7GVOVjg,video::n8iP75gIpmw,1,0,0,-0.968,comento_en,UCDftMWXQoJ6nONfY7GVOVjg,@luisgpacheco5858,n8iP75gIpmw,Qué rico come tu diputado,Quorum
author::UCDlr1VadSucIZgZ171pRBjQ,video::n8iP75gIpmw,1,0,0,0.022,comento_en,UCDlr1VadSucIZgZ171pRBjQ,@cuabatzjj5924,n8iP75gIpmw,Qué rico come tu diputado,Quorum
author::UCDrmf9y9nLgFY5wnA2hTuGA,video::j43HgwYFKfk,1,1,0,0.368,comento_en,UCDrmf9y9nLgFY5wnA2hTuGA,@laboratorio5528,j43HgwYFKfk,La cooptación de Walter Mazariegos en la USAC,Quorum
author::UCEHXl4VvvVpq-_4xC5tsbhg,video::6W4u8sGEnGM,1,7,0,0.744,comento_en,UCEHXl4VvvVpq-_4xC5tsbhg,@anibalg47,6W4u8sGEnGM,Inician los trabajos de recuperación del Puente Belice II.,Gobierno de la República de Guatemala
author::UCEgEQmRbtL5fwr9_DqAC--g,video::n8iP75gIpmw,1,2,0,-0.046,comento_en,UCEgEQmRbtL5fwr9_DqAC--g,@ArielRodas-g5y,n8iP75gIpmw,Qué rico come tu diputado,Quorum
author::UCErZPJpHmLCsXs8ZWkAUupQ,video::n8iP75gIpmw,1,2,1,-0.647,comento_en,UCErZPJpHmLCsXs8ZWkAUupQ,@dorisl.garciaroche7763,n8iP75gIpmw,Qué rico come tu diputado,Quorum
author::UCFFrEmn6lPYiWyElpfzTy5Q,video::is3Mk5oC19g,1,0,0,-0.86,comento_en,UCFFrEmn6lPYiWyElpfzTy5Q,@denilsonlopez4083,is3Mk5oC19g,Capturan a ladrón que había quedado grabado mientras robaba en una parroquia de Retalhuleu,TN23 Guatemala
author::UCFOxCyF926Y9eHhMeVoWLzw,video::lj983NWyAQY,1,3,0,0.926,comento_en,UCFOxCyF926Y9eHhMeVoWLzw,@arielsarc09,lj983NWyAQY,Plan 2032 Ciudad de Guatemala,Municipalidad de Guatemala
author::UCFUuDARXdmmIrLppEqf-rFg,video::n8iP75gIpmw,1,0,0,-0.262,comento_en,UCFUuDARXdmmIrLppEqf-rFg,@allanmunoz7410,n8iP75gIpmw,Qué rico come tu diputado,Quorum
author::UCFhxtoeARHPnXXPcDrOU3Xg,video::n8iP75gIpmw,1,2,0,0.541,comento_en,UCFhxtoeARHPnXXPcDrOU3Xg,@diegoalejandrolopezmendez205,n8iP75gIpmw,Qué rico come tu diputado,Quorum
author::UCFjudnPLoaSL1BaRuLahyHg,video::n8iP75gIpmw,3,3,0,-0.299,comento_en,UCFjudnPLoaSL1BaRuLahyHg,@HaroldoCastillo-rh9iw,n8iP75gIpmw,Qué rico come tu diputado,Quorum
author::UCFoIAE8k82D6AV-8gjjKaNg,video::n8iP75gIpmw,1,1,1,-0.889,comento_en,UCFoIAE8k82D6AV-8gjjKaNg,@eddymunoz9789,n8iP75gIpmw,Qué rico come tu diputado,Quorum
author::UCFxE8GbokBrBsPEKM1xrOjQ,video::n8iP75gIpmw,1,10,0,-0.97,comento_en,UCFxE8GbokBrBsPEKM1xrOjQ,@JuanDavila-qd7qj,n8iP75gIpmw,Qué rico come tu diputado,Quorum
author::UCFybmWapGvBKcQod7cPPH9w,video::6W4u8sGEnGM,1,1,0,0.875,comento_en,UCFybmWapGvBKcQod7cPPH9w,@vitalianochavez8382,6W4u8sGEnGM,Inician los trabajos de recuperación del Puente Belice II.,Gobierno de la República de Guatemala
author::UCGGHbtfbbe0o68etrOf0qxw,video::j43HgwYFKfk,1,0,0,0.937,comento_en,UCGGHbtfbbe0o68etrOf0qxw,@karensussetteleonvargas9794,j43HgwYFKfk,La cooptación de Walter Mazariegos en la USAC,Quorum
author::UCGX_UbAQOXGZknv5iqklwTA,video::PjmxCj-a9Hg,1,1,0,-0.013,comento_en,UCGX_UbAQOXGZknv5iqklwTA,@ronaldgarcia8522,PjmxCj-a9Hg,Conferencia de Prensa del Gobierno de Guatemala. #LaRondaGt,Gobierno de la República de Guatemala
author::UCGZMgmM92E3njyXNe9-kjAQ,video::OkXlHx0hx-8,1,2,1,-0.031,comento_en,UCGZMgmM92E3njyXNe9-kjAQ,@pasionpornada,OkXlHx0hx-8,EE.UU. envía a mexicanos deportados a Guatemala antes de su regreso a México | Noticias Telemundo,Noticias Telemundo
author::UCGj2v6Gl5bN8NSrzJMXS-CA,video::WIUZtitfLRw,1,0,0,-0.973,comento_en,UCGj2v6Gl5bN8NSrzJMXS-CA,@juliogutierrez492,WIUZtitfLRw,Caminar en una ciudad hecha para carros,Quorum
author::UCGm3gRBEHGRJYmtCryZLtDw,video::b_Hkrkl3adA,1,0,0,-0.819,comento_en,UCGm3gRBEHGRJYmtCryZLtDw,@JoséLopez-g6k,b_Hkrkl3adA,Bloqueos en Guatemala este 31 de agosto por alza en combustibles afectan rutas principales,PrensaLibreOficial
author::UCGqKxQS-z3NZzZF-2w338AA,video::lj983NWyAQY,1,211,3,0.901,comento_en,UCGqKxQS-z3NZzZF-2w338AA,@samuelaguilar529,lj983NWyAQY,Plan 2032 Ciudad de Guatemala,Municipalidad de Guatemala
author::UCGzXwyCzMzGmjmCbH3Hg01Q,video::n8iP75gIpmw,1,2,0,-0.939,comento_en,UCGzXwyCzMzGmjmCbH3Hg01Q,@FidelZacarias-ph7dy,n8iP75gIpmw,Qué rico come tu diputado,Quorum
author::UCHGd14aYuZZShLD73dkk6mg,video::JkpVO1hx2f8,1,0,0,0.715,comento_en,UCHGd14aYuZZShLD73dkk6mg,@noemiherrera3152,JkpVO1hx2f8,10 Preguntas a un año del Paro Nacional,Quorum
author::UCHMQ_lDhibZ-XZ_3fo6oxwg,video::lj983NWyAQY,1,16,0,0.955,comento_en,UCHMQ_lDhibZ-XZ_3fo6oxwg,@crislexrubi4387,lj983NWyAQY,Plan 2032 Ciudad de Guatemala,Municipalidad de Guatemala
author::UCHTGCgY2l-DQJIvlA_cpa_Q,video::PjmxCj-a9Hg,1,1,0,-0.722,comento_en,UCHTGCgY2l-DQJIvlA_cpa_Q,@virgiliogarcia3039,PjmxCj-a9Hg,Conferencia de Prensa del Gobierno de Guatemala. #LaRondaGt,Gobierno de la República de Guatemala
author::UCHTGCgY2l-DQJIvlA_cpa_Q,video::n8iP75gIpmw,2,13,0,-0.925,comento_en,UCHTGCgY2l-DQJIvlA_cpa_Q,@virgiliogarcia3039,n8iP75gIpmw,Qué rico come tu diputado,Quorum
author::UCHbwIx9pmQuf7i-4_xO2EpA,video::j43HgwYFKfk,1,0,0,0.318,comento_en,UCHbwIx9pmQuf7i-4_xO2EpA,@caminoseternos752,j43HgwYFKfk,La cooptación de Walter Mazariegos en la USAC,Quorum
author::UCHhHUjaMAZ8SiXdCUCj9DkQ,video::n8iP75gIpmw,2,3,0,-0.775,comento_en,UCHhHUjaMAZ8SiXdCUCj9DkQ,@fredymendez1786,n8iP75gIpmw,Qué rico come tu diputado,Quorum
author::UCHu8x4MVkayU6VgwVKd--MQ,video::b_Hkrkl3adA,1,1,0,-0.968,comento_en,UCHu8x4MVkayU6VgwVKd--MQ,@Hernandez-i1o,b_Hkrkl3adA,Bloqueos en Guatemala este 31 de agosto por alza en combustibles afectan rutas principales,PrensaLibreOficial
author::UCIUhbSCy3-SGRe5UtqM4fzQ,video::lj983NWyAQY,1,1,0,-0.931,comento_en,UCIUhbSCy3-SGRe5UtqM4fzQ,@jeanmorales1677,lj983NWyAQY,Plan 2032 Ciudad de Guatemala,Municipalidad de Guatemala
author::UCIXLDYqR_syskKRJy_x9W9Q,video::06mFNPU0aB8,1,0,0,-0.194,comento_en,UCIXLDYqR_syskKRJy_x9W9Q,@carlitosramirez4739,06mFNPU0aB8,Capturan a presuntos delincuentes disfrazados de mujer señalados de cometer asalto,Noti7
author::UCIgoiXdIKJyUGmUoH2Lxdzg,video::OkXlHx0hx-8,1,3,0,-0.867,comento_en,UCIgoiXdIKJyUGmUoH2Lxdzg,@susievidal4134,OkXlHx0hx-8,EE.UU. envía a mexicanos deportados a Guatemala antes de su regreso a México | Noticias Telemundo,Noticias Telemundo
author::UCIp19h9igblA2YKfSLPDAug,video::lj983NWyAQY,1,14,1,0.561,comento_en,UCIp19h9igblA2YKfSLPDAug,@JoseReyes-rn6sh,lj983NWyAQY,Plan 2032 Ciudad de Guatemala,Municipalidad de Guatemala
author::UCJp3OrVYcBorC94sKwdch_A,video::ndAZjHqzzT8,1,0,0,-0.965,comento_en,UCJp3OrVYcBorC94sKwdch_A,@ULJoshmg2011,ndAZjHqzzT8,Internet: escoger el menos malo,Quorum
author::UCJxJC56BSAX-ArD0NAb9qnQ,video::3Nfp9h5avBI,1,0,0,-0.084,comento_en,UCJxJC56BSAX-ArD0NAb9qnQ,@alfonsowilian9157,3Nfp9h5avBI,"Noticiero en Directo 1 pm, 28 de Agosto de 2026",Noticiero Guatevisión 13 Hrs.
author::UCKDR0f2fu2UzWL8mBv5-BHw,video::n8iP75gIpmw,1,0,0,-0.934,comento_en,UCKDR0f2fu2UzWL8mBv5-BHw,@mireyamorales6595,n8iP75gIpmw,Qué rico come tu diputado,Quorum
author::UCKVzDUqbtdSMBcexaEtMmzQ,video::TT4qJ5FXHYE,1,0,0,-0.971,comento_en,UCKVzDUqbtdSMBcexaEtMmzQ,@rotorairgroup8409,TT4qJ5FXHYE,"I’x K’at: el primer equipo guatemalteco de pelota maya, conformado únicamente por mujeres.",Quorum
author::UCL13XhnRzbGokEkCkEOb0-g,video::n8iP75gIpmw,2,8,0,-0.907,comento_en,UCL13XhnRzbGokEkCkEOb0-g,@raquelprado3643,n8iP75gIpmw,Qué rico come tu diputado,Quorum
author::UCL1MT278vSaQ83ZDkVWn1gw,video::n8iP75gIpmw,1,20,0,-0.915,comento_en,UCL1MT278vSaQ83ZDkVWn1gw,@elmorodriguez6978,n8iP75gIpmw,Qué rico come tu diputado,Quorum
author::UCLFdHr9BEbXHkoJopbEPLZw,video::n8iP75gIpmw,2,24,0,-0.795,comento_en,UCLFdHr9BEbXHkoJopbEPLZw,@kanterra4584,n8iP75gIpmw,Qué rico come tu diputado,Quorum
author::UCLXYp1Cvc5DLtq5UQL5D9vw,video::06mFNPU0aB8,1,3,1,-0.063,comento_en,UCLXYp1Cvc5DLtq5UQL5D9vw,@jorgecifuentes-m5g,06mFNPU0aB8,Capturan a presuntos delincuentes disfrazados de mujer señalados de cometer asalto,Noti7
author::UCLggDc_a5HriXv7I1h02sOA,video::n8iP75gIpmw,2,7,0,-0.398,comento_en,UCLggDc_a5HriXv7I1h02sOA,@guillermogonzalez5153,n8iP75gIpmw,Qué rico come tu diputado,Quorum
author::UCLh1Kde4_vI1sTZBkTNP7RQ,video::is3Mk5oC19g,1,0,0,-0.015,comento_en,UCLh1Kde4_vI1sTZBkTNP7RQ,@JoelReynoso-d4r,is3Mk5oC19g,Capturan a ladrón que había quedado grabado mientras robaba en una parroquia de Retalhuleu,TN23 Guatemala
author::UCN2N_wYOw6fMwCeSzdXLPIw,video::PjmxCj-a9Hg,1,0,0,-0.965,comento_en,UCN2N_wYOw6fMwCeSzdXLPIw,@danielantoniogonzalezflore4901,PjmxCj-a9Hg,Conferencia de Prensa del Gobierno de Guatemala. #LaRondaGt,Gobierno de la República de Guatemala
author::UCN6qbfPSzFtjhqUDZ3Cv3CQ,video::n8iP75gIpmw,1,2,0,-0.905,comento_en,UCN6qbfPSzFtjhqUDZ3Cv3CQ,@carlosmedranovelasquez6380,n8iP75gIpmw,Qué rico come tu diputado,Quorum
author::UCNBnKqWf4d-rS4HwJRQljmQ,video::n8iP75gIpmw,2,1,0,-0.934,comento_en,UCNBnKqWf4d-rS4HwJRQljmQ,@LE_A22,n8iP75gIpmw,Qué rico come tu diputado,Quorum
author::UCNIeXbV_mEwpa412h1aqUWw,video::PjmxCj-a9Hg,3,3,1,-0.124,comento_en,UCNIeXbV_mEwpa412h1aqUWw,@juandeleon9060,PjmxCj-a9Hg,Conferencia de Prensa del Gobierno de Guatemala. #LaRondaGt,Gobierno de la República de Guatemala
author::UCNiMNUJvaRJb0_QLClqwVnA,video::TT4qJ5FXHYE,1,2,0,0.914,comento_en,UCNiMNUJvaRJb0_QLClqwVnA,@Santiago.Nolasco,TT4qJ5FXHYE,"I’x K’at: el primer equipo guatemalteco de pelota maya, conformado únicamente por mujeres.",Quorum
author::UCNkcuy42zEwddwEcOd_HpnA,video::n8iP75gIpmw,1,3,0,-0.844,comento_en,UCNkcuy42zEwddwEcOd_HpnA,@vanigomez492,n8iP75gIpmw,Qué rico come tu diputado,Quorum
author::UCNpt5CQlTzNjlAKY6CJtClQ,video::j43HgwYFKfk,1,0,0,-0.282,comento_en,UCNpt5CQlTzNjlAKY6CJtClQ,@eustaquiogomez9975,j43HgwYFKfk,La cooptación de Walter Mazariegos en la USAC,Quorum
author::UCO0zwwLWGyDgQmWPJ5Qrr1w,video::06mFNPU0aB8,1,3,0,-0.908,comento_en,UCO0zwwLWGyDgQmWPJ5Qrr1w,@elsalvador3605,06mFNPU0aB8,Capturan a presuntos delincuentes disfrazados de mujer señalados de cometer asalto,Noti7
author::UCOARn3hnfkB7-_Rwa8Hoqcw,video::WIUZtitfLRw,1,0,0,-0.98,comento_en,UCOARn3hnfkB7-_Rwa8Hoqcw,@nicelol5241,WIUZtitfLRw,Caminar en una ciudad hecha para carros,Quorum
author::UCOLGv5Pf6BF2wFcwUzgcvHg,video::n8iP75gIpmw,2,4,0,-0.862,comento_en,UCOLGv5Pf6BF2wFcwUzgcvHg,@welfrealdana5559,n8iP75gIpmw,Qué rico come tu diputado,Quorum
author::UCOLHH4ZpMxPYF-Q6e6wvn5A,video::OkXlHx0hx-8,1,2,1,-0.791,comento_en,UCOLHH4ZpMxPYF-Q6e6wvn5A,@luisroldan7374,OkXlHx0hx-8,EE.UU. envía a mexicanos deportados a Guatemala antes de su regreso a México | Noticias Telemundo,Noticias Telemundo
author::UCOS8ViEkccrTZx2w2ccxotA,video::n8iP75gIpmw,1,4,0,-0.431,comento_en,UCOS8ViEkccrTZx2w2ccxotA,@OscarHernandez-q8y,n8iP75gIpmw,Qué rico come tu diputado,Quorum
author::UCOY3XpD9qMCRSA8AA8c4CAw,video::yLZS3JiEBg8,1,1,0,0.937,comento_en,UCOY3XpD9qMCRSA8AA8c4CAw,@franciscorodas9686,yLZS3JiEBg8,Arroz con pollo a la MONOPOLIO,Quorum
author::UCOcUI5XkTYNMSFhZNMIPpGg,video::j43HgwYFKfk,1,3,0,-0.973,comento_en,UCOcUI5XkTYNMSFhZNMIPpGg,@hendersonlopez3864,j43HgwYFKfk,La cooptación de Walter Mazariegos en la USAC,Quorum
author::UCOh6DaZC_x9HASnlRylEMfw,video::n8iP75gIpmw,1,0,0,-0.833,comento_en,UCOh6DaZC_x9HASnlRylEMfw,@AndresMedina-v1s,n8iP75gIpmw,Qué rico come tu diputado,Quorum
author::UCPLW0HE3siElqCgXfgWxMqg,video::X_FAIef8qlE,1,0,0,-0.888,comento_en,UCPLW0HE3siElqCgXfgWxMqg,@elizabethmonterroso7719,X_FAIef8qlE,Cruzando la ciudad a puro Transmetro,Quorum
author::UCPNXmbOBVeC4HS-xemvcPtQ,video::OkXlHx0hx-8,1,2,3,-0.831,comento_en,UCPNXmbOBVeC4HS-xemvcPtQ,@BelkisRodriguezRamirez,OkXlHx0hx-8,EE.UU. envía a mexicanos deportados a Guatemala antes de su regreso a México | Noticias Telemundo,Noticias Telemundo
author::UCPZueDLrCS4BmTBRMA4q0fA,video::PjmxCj-a9Hg,1,1,1,-0.592,comento_en,UCPZueDLrCS4BmTBRMA4q0fA,@kevinochoa3695,PjmxCj-a9Hg,Conferencia de Prensa del Gobierno de Guatemala. #LaRondaGt,Gobierno de la República de Guatemala
author::UCQIdKuZ-OzuFqy0KjGrgesg,video::JkpVO1hx2f8,1,1,0,-0.713,comento_en,UCQIdKuZ-OzuFqy0KjGrgesg,@lyacausa,JkpVO1hx2f8,10 Preguntas a un año del Paro Nacional,Quorum
author::UCQM2tCKRRytVDRxNUfCDqQQ,video::zweosulrwA8,1,0,0,0.524,comento_en,UCQM2tCKRRytVDRxNUfCDqQQ,@elioelias7267,zweosulrwA8,Edén por Salud: empleo inclusivo para personas con discapacidad en Antigua | Super - Episodio 2,Quorum
author::UCQMMuADgqWUOcJpLwHOzC-g,video::OkXlHx0hx-8,1,0,0,-0.927,comento_en,UCQMMuADgqWUOcJpLwHOzC-g,@Ripped-Yoda,OkXlHx0hx-8,EE.UU. envía a mexicanos deportados a Guatemala antes de su regreso a México | Noticias Telemundo,Noticias Telemundo
author::UCQ_-LPP8JAbfkc-b1Q6NvWw,video::n8iP75gIpmw,2,31,0,-0.956,comento_en,UCQ_-LPP8JAbfkc-b1Q6NvWw,@MegaKristenstewart,n8iP75gIpmw,Qué rico come tu diputado,Quorum
author::UCQgYjVngJRfPHDLGB5X6ZjA,video::n8iP75gIpmw,1,0,0,-0.819,comento_en,UCQgYjVngJRfPHDLGB5X6ZjA,@oscarnavas9996,n8iP75gIpmw,Qué rico come tu diputado,Quorum
author::UCQqetiwzzmRNTM5OWuXarGQ,video::n8iP75gIpmw,1,1,0,-0.808,comento_en,UCQqetiwzzmRNTM5OWuXarGQ,@isaiaslopezvelasquez1539,n8iP75gIpmw,Qué rico come tu diputado,Quorum
author::UCQqlPPUGqAfWjd-FSh_qn7Q,video::j43HgwYFKfk,1,0,0,-0.968,comento_en,UCQqlPPUGqAfWjd-FSh_qn7Q,@estuardoargueta137,j43HgwYFKfk,La cooptación de Walter Mazariegos en la USAC,Quorum
author::UCQtICyzWmhC5woCtbNgaSmg,video::n8iP75gIpmw,2,5,0,-0.642,comento_en,UCQtICyzWmhC5woCtbNgaSmg,@nestormendez6216,n8iP75gIpmw,Qué rico come tu diputado,Quorum
author::UCQtSFINs1h6GHkpg9o5kMvg,video::n8iP75gIpmw,1,12,0,0.895,comento_en,UCQtSFINs1h6GHkpg9o5kMvg,@MacarioMartinezruiz,n8iP75gIpmw,Qué rico come tu diputado,Quorum
author::UCQyOePccUP-fIJYzchAgZYw,video::j43HgwYFKfk,1,0,0,-0.933,comento_en,UCQyOePccUP-fIJYzchAgZYw,@aguilar4254,j43HgwYFKfk,La cooptación de Walter Mazariegos en la USAC,Quorum
author::UCRAquv8el-tQ30bN7MlmySQ,video::j43HgwYFKfk,1,4,0,-0.969,comento_en,UCRAquv8el-tQ30bN7MlmySQ,@iamjimalesssa,j43HgwYFKfk,La cooptación de Walter Mazariegos en la USAC,Quorum
author::UCRETAiYdh2dL5ZxB0_N1zDA,video::n8iP75gIpmw,1,0,0,-0.77,comento_en,UCRETAiYdh2dL5ZxB0_N1zDA,@Joseroland21,n8iP75gIpmw,Qué rico come tu diputado,Quorum
author::UCRcSR3Lvn9DZAmJpVPANfZQ,video::lj983NWyAQY,1,68,0,0.964,comento_en,UCRcSR3Lvn9DZAmJpVPANfZQ,@WalksandSuch,lj983NWyAQY,Plan 2032 Ciudad de Guatemala,Municipalidad de Guatemala
author::UCRelkU8JiZBytTzebJxaa-w,video::n8iP75gIpmw,1,3,0,-0.544,comento_en,UCRelkU8JiZBytTzebJxaa-w,@danyraymundo2942,n8iP75gIpmw,Qué rico come tu diputado,Quorum
author::UCRfkkatKrNtAARnXMMYBGlA,video::6W4u8sGEnGM,1,0,0,-0.762,comento_en,UCRfkkatKrNtAARnXMMYBGlA,@BernerSoza-mg3vx,6W4u8sGEnGM,Inician los trabajos de recuperación del Puente Belice II.,Gobierno de la República de Guatemala
author::UCRlCV9zSn7avAWh-9_XFWqQ,video::n8iP75gIpmw,1,1,0,-0.847,comento_en,UCRlCV9zSn7avAWh-9_XFWqQ,@ronyarana8849,n8iP75gIpmw,Qué rico come tu diputado,Quorum
author::UCRvPToDkkumha7WJAfCDk1A,video::j43HgwYFKfk,1,0,0,-0.82,comento_en,UCRvPToDkkumha7WJAfCDk1A,@ligiaguerra3057,j43HgwYFKfk,La cooptación de Walter Mazariegos en la USAC,Quorum
author::UCRznz9-N3Qc1w-qNdLSIY2Q,video::lj983NWyAQY,1,14,0,0.915,comento_en,UCRznz9-N3Qc1w-qNdLSIY2Q,@jimmygomez724,lj983NWyAQY,Plan 2032 Ciudad de Guatemala,Municipalidad de Guatemala
author::UCSTAUWVc1_82DHYeqOsqEFA,video::lj983NWyAQY,1,191,2,0.941,comento_en,UCSTAUWVc1_82DHYeqOsqEFA,@TheAlexX_C,lj983NWyAQY,Plan 2032 Ciudad de Guatemala,Municipalidad de Guatemala
author::UCSou6a2OuYGSvPjm5psquyA,video::n8iP75gIpmw,1,0,0,-0.92,comento_en,UCSou6a2OuYGSvPjm5psquyA,@FranciscoRivera-sf7ne,n8iP75gIpmw,Qué rico come tu diputado,Quorum
author::UCTD6q1nyIe3Y7HhqjaMj72w,video::n8iP75gIpmw,1,8,0,-0.799,comento_en,UCTD6q1nyIe3Y7HhqjaMj72w,@JuanChang-r6k,n8iP75gIpmw,Qué rico come tu diputado,Quorum
author::UCTP3O0rMnc8z8v8jaDQwL0w,video::n8iP75gIpmw,1,1,0,-0.755,comento_en,UCTP3O0rMnc8z8v8jaDQwL0w,@RobertoZelaya-x1v,n8iP75gIpmw,Qué rico come tu diputado,Quorum
author::UCTTILH6QCIxbTnEWxwRqs1g,video::yLZS3JiEBg8,1,0,0,-0.023,comento_en,UCTTILH6QCIxbTnEWxwRqs1g,@3762Jorge,yLZS3JiEBg8,Arroz con pollo a la MONOPOLIO,Quorum
author::UCThW2XNsAaBKme5PUt7n-Zg,video::n8iP75gIpmw,1,0,0,-0.965,comento_en,UCThW2XNsAaBKme5PUt7n-Zg,@thelmamoran8565,n8iP75gIpmw,Qué rico come tu diputado,Quorum
author::UCTwSut16JyAg3mX6LVUNGqA,video::n8iP75gIpmw,1,0,0,-0.961,comento_en,UCTwSut16JyAg3mX6LVUNGqA,@SuperVictor2005,n8iP75gIpmw,Qué rico come tu diputado,Quorum
author::UCTylKrsqkrBKIqubMu_5N0Q,video::n8iP75gIpmw,1,1,0,0.069,comento_en,UCTylKrsqkrBKIqubMu_5N0Q,@edwingeovanymarroquinmarro6684,n8iP75gIpmw,Qué rico come tu diputado,Quorum
author::UCUIIIPTVDVHAXqhC_5V6lPA,video::n8iP75gIpmw,1,0,0,-0.967,comento_en,UCUIIIPTVDVHAXqhC_5V6lPA,@gorrarota,n8iP75gIpmw,Qué rico come tu diputado,Quorum
author::UCUoYsrx1oZnCZ0usbBJn4fA,video::j43HgwYFKfk,1,1,0,-0.905,comento_en,UCUoYsrx1oZnCZ0usbBJn4fA,@AnaDiaz-re9sq,j43HgwYFKfk,La cooptación de Walter Mazariegos en la USAC,Quorum
author::UCV0iizTBoOfdAFX_thfI9BA,video::n8iP75gIpmw,1,0,0,-0.959,comento_en,UCV0iizTBoOfdAFX_thfI9BA,@BenjaminLarios-jd8nk,n8iP75gIpmw,Qué rico come tu diputado,Quorum
author::UCV0lM03g5fg5pbPj97-sAtA,video::j43HgwYFKfk,1,1,0,0.788,comento_en,UCV0lM03g5fg5pbPj97-sAtA,@genarodelgado3929,j43HgwYFKfk,La cooptación de Walter Mazariegos en la USAC,Quorum
author::UCV3fr-YOixFKCZBbJP1-X4w,video::6W4u8sGEnGM,5,17,0,0.389,comento_en,UCV3fr-YOixFKCZBbJP1-X4w,@albertoshernandez5251,6W4u8sGEnGM,Inician los trabajos de recuperación del Puente Belice II.,Gobierno de la República de Guatemala
author::UCVC2QugcI1G4RvlCiUqd1aQ,video::ndAZjHqzzT8,2,0,0,0.115,comento_en,UCVC2QugcI1G4RvlCiUqd1aQ,@rwdm76,ndAZjHqzzT8,Internet: escoger el menos malo,Quorum
author::UCVQf0tzL7xRzFJsABVVULpg,video::PjmxCj-a9Hg,1,0,0,-0.958,comento_en,UCVQf0tzL7xRzFJsABVVULpg,@DennisseLopetegi,PjmxCj-a9Hg,Conferencia de Prensa del Gobierno de Guatemala. #LaRondaGt,Gobierno de la República de Guatemala
author::UCVdjCrh4tQoX3haNAZv-n5A,video::OkXlHx0hx-8,1,3,1,0.947,comento_en,UCVdjCrh4tQoX3haNAZv-n5A,@aurahernandez5646,OkXlHx0hx-8,EE.UU. envía a mexicanos deportados a Guatemala antes de su regreso a México | Noticias Telemundo,Noticias Telemundo
author::UCVhif9eV0f8plICen2DnpKA,video::WIUZtitfLRw,1,0,0,0.3,comento_en,UCVhif9eV0f8plICen2DnpKA,@blogarteplus,WIUZtitfLRw,Caminar en una ciudad hecha para carros,Quorum
author::UCW-JC6lebVmf2P1dmY_L94g,video::j43HgwYFKfk,1,0,0,0.881,comento_en,UCW-JC6lebVmf2P1dmY_L94g,@dinoraoroxon5771,j43HgwYFKfk,La cooptación de Walter Mazariegos en la USAC,Quorum
author::UCW80DaMjQlEUibC98Cot-Dg,video::j43HgwYFKfk,1,0,0,-0.977,comento_en,UCW80DaMjQlEUibC98Cot-Dg,@rogeraldana4289,j43HgwYFKfk,La cooptación de Walter Mazariegos en la USAC,Quorum
author::UCWIZUtKJ636y-4TYrNvok0g,video::n8iP75gIpmw,1,5,0,-0.88,comento_en,UCWIZUtKJ636y-4TYrNvok0g,@cesarandreas7824,n8iP75gIpmw,Qué rico come tu diputado,Quorum
author::UCWWkebAekppaL5b5CNlppuw,video::JkpVO1hx2f8,1,3,0,0.47,comento_en,UCWWkebAekppaL5b5CNlppuw,@ninettmartinez425,JkpVO1hx2f8,10 Preguntas a un año del Paro Nacional,Quorum
author::UCWaRixDdpgllTBf4V0jPnKQ,video::6W4u8sGEnGM,2,0,0,-0.88,comento_en,UCWaRixDdpgllTBf4V0jPnKQ,@hectormaaz5523,6W4u8sGEnGM,Inician los trabajos de recuperación del Puente Belice II.,Gobierno de la República de Guatemala
author::UCWoAVGVqCn4xtINCMOTM4jg,video::j43HgwYFKfk,1,0,0,-0.979,comento_en,UCWoAVGVqCn4xtINCMOTM4jg,@OmarMartinez-vv8re,j43HgwYFKfk,La cooptación de Walter Mazariegos en la USAC,Quorum
author::UCWvntqPQx99k_Z_skWKqNSA,video::6W4u8sGEnGM,1,2,1,0.137,comento_en,UCWvntqPQx99k_Z_skWKqNSA,@AntonioChiyal-x5s,6W4u8sGEnGM,Inician los trabajos de recuperación del Puente Belice II.,Gobierno de la República de Guatemala
author::UCXN2s7DwTJm33xO-pNkAdaA,video::06mFNPU0aB8,1,0,0,0.41,comento_en,UCXN2s7DwTJm33xO-pNkAdaA,@edithsan7688,06mFNPU0aB8,Capturan a presuntos delincuentes disfrazados de mujer señalados de cometer asalto,Noti7
author::UCXO1BBohNWXkK9SBDAG2ySg,video::yLZS3JiEBg8,1,0,0,0.944,comento_en,UCXO1BBohNWXkK9SBDAG2ySg,@JBFlute92,yLZS3JiEBg8,Arroz con pollo a la MONOPOLIO,Quorum
author::UCXSkL3ejZ8qWYyF_M7s_QKA,video::n8iP75gIpmw,1,0,0,-0.966,comento_en,UCXSkL3ejZ8qWYyF_M7s_QKA,@JacintaTzoy,n8iP75gIpmw,Qué rico come tu diputado,Quorum
author::UCXVLc8CmAO813ubM-fLvCDw,video::yLZS3JiEBg8,1,7,0,-0.956,comento_en,UCXVLc8CmAO813ubM-fLvCDw,@herminiasaquimux7565,yLZS3JiEBg8,Arroz con pollo a la MONOPOLIO,Quorum
author::UCXXh7yg5KUFIWylTiKVEFKQ,video::n8iP75gIpmw,2,2,0,-0.753,comento_en,UCXXh7yg5KUFIWylTiKVEFKQ,@MrDuenderojo,n8iP75gIpmw,Qué rico come tu diputado,Quorum
author::UCXgr7vXlRrsaskPdo097kGA,video::n8iP75gIpmw,1,0,0,-0.627,comento_en,UCXgr7vXlRrsaskPdo097kGA,@Rogergh-nw4oj,n8iP75gIpmw,Qué rico come tu diputado,Quorum
author::UCXl30Y_upRqbti52fmjK4YA,video::yLZS3JiEBg8,1,0,0,0.567,comento_en,UCXl30Y_upRqbti52fmjK4YA,@capitanfrans,yLZS3JiEBg8,Arroz con pollo a la MONOPOLIO,Quorum
author::UCXmrpc6Li0spcKxtS0Q_ptg,video::lj983NWyAQY,1,10,0,0.847,comento_en,UCXmrpc6Li0spcKxtS0Q_ptg,@melvinperez6710,lj983NWyAQY,Plan 2032 Ciudad de Guatemala,Municipalidad de Guatemala
author::UCXr8_5WtGeipe4haOoQDgyQ,video::n8iP75gIpmw,1,0,0,-0.965,comento_en,UCXr8_5WtGeipe4haOoQDgyQ,@amyherrera7352,n8iP75gIpmw,Qué rico come tu diputado,Quorum
author::UCY7Hq7F9Lnucf-Yr6JkHZNw,video::lj983NWyAQY,1,79,0,0.028,comento_en,UCY7Hq7F9Lnucf-Yr6JkHZNw,@maynorcalel1442,lj983NWyAQY,Plan 2032 Ciudad de Guatemala,Municipalidad de Guatemala
author::UCYN4wSQ1Sx4_LurxLlW7MPg,video::n8iP75gIpmw,1,0,0,-0.951,comento_en,UCYN4wSQ1Sx4_LurxLlW7MPg,@belarminavillatoro6474,n8iP75gIpmw,Qué rico come tu diputado,Quorum
author::UCYwpX26TrCxq8TvbKGRYLXA,video::n8iP75gIpmw,1,3,0,-0.844,comento_en,UCYwpX26TrCxq8TvbKGRYLXA,@beneficioelcaminovillacana8540,n8iP75gIpmw,Qué rico come tu diputado,Quorum
author::UCZ51R_9Q9C0c8I3pAWhtmjQ,video::n8iP75gIpmw,1,8,0,0.971,comento_en,UCZ51R_9Q9C0c8I3pAWhtmjQ,@belvettzapeta1251,n8iP75gIpmw,Qué rico come tu diputado,Quorum
author::UCZFQwqh90apuL8eFhvRBkUg,video::6W4u8sGEnGM,1,9,0,-0.949,comento_en,UCZFQwqh90apuL8eFhvRBkUg,@luisricardo9671,6W4u8sGEnGM,Inician los trabajos de recuperación del Puente Belice II.,Gobierno de la República de Guatemala
author::UCZIQnb1fkwe39Iw2TAu-bGA,video::WIUZtitfLRw,1,1,0,-0.913,comento_en,UCZIQnb1fkwe39Iw2TAu-bGA,@jorgegomez2237,WIUZtitfLRw,Caminar en una ciudad hecha para carros,Quorum
author::UCZLG9qH0tUjNhEGFIUt0CYw,video::n8iP75gIpmw,1,1,0,-0.234,comento_en,UCZLG9qH0tUjNhEGFIUt0CYw,@SoniaMarroquin-y6e,n8iP75gIpmw,Qué rico come tu diputado,Quorum
author::UCZOmq6MwFDVoCaEl99BRRaw,video::ndAZjHqzzT8,1,0,0,-0.909,comento_en,UCZOmq6MwFDVoCaEl99BRRaw,@daniloarevalo3170,ndAZjHqzzT8,Internet: escoger el menos malo,Quorum
author::UCZeIIQrGAedW8tCbKWmGY-A,video::j43HgwYFKfk,1,9,0,-0.935,comento_en,UCZeIIQrGAedW8tCbKWmGY-A,@mariocordon8873,j43HgwYFKfk,La cooptación de Walter Mazariegos en la USAC,Quorum
author::UCZjm6U576nX8WOiLhmMR3bw,video::OkXlHx0hx-8,1,3,1,-0.748,comento_en,UCZjm6U576nX8WOiLhmMR3bw,@MariaNavarroYT,OkXlHx0hx-8,EE.UU. envía a mexicanos deportados a Guatemala antes de su regreso a México | Noticias Telemundo,Noticias Telemundo
author::UC_3xuTXvMIWU5MYP9HkJ3vQ,video::06mFNPU0aB8,1,4,0,0.961,comento_en,UC_3xuTXvMIWU5MYP9HkJ3vQ,@Historia-wm4os,06mFNPU0aB8,Capturan a presuntos delincuentes disfrazados de mujer señalados de cometer asalto,Noti7
author::UC_6KbBY1bsYXz9fwFS0eQRg,video::ndAZjHqzzT8,1,0,0,0.946,comento_en,UC_6KbBY1bsYXz9fwFS0eQRg,@imrcp5694,ndAZjHqzzT8,Internet: escoger el menos malo,Quorum
author::UC_LYoGs5C3mbZKZuKuqYCvw,video::j43HgwYFKfk,1,7,0,0.693,comento_en,UC_LYoGs5C3mbZKZuKuqYCvw,@javiercifuentesarchila6041,j43HgwYFKfk,La cooptación de Walter Mazariegos en la USAC,Quorum
author::UC_NRVt2UP88ZNTwzrZ66JSg,video::UhL9y3KUl8E,1,2,0,0.972,comento_en,UC_NRVt2UP88ZNTwzrZ66JSg,@aditalissethevasquezrojas8039,UhL9y3KUl8E,SHAI WA: la vecina queer de Casa Presidencial,Quorum
author::UC_ljZ1hZXR9pzexFz87P5ZA,video::lj983NWyAQY,1,0,0,-0.782,comento_en,UC_ljZ1hZXR9pzexFz87P5ZA,@ChRiStOpHeR7969,lj983NWyAQY,Plan 2032 Ciudad de Guatemala,Municipalidad de Guatemala
author::UCa36MjQLoPAmgJo-R3G8WQA,video::6W4u8sGEnGM,1,3,0,0.785,comento_en,UCa36MjQLoPAmgJo-R3G8WQA,@elsasalguero6914,6W4u8sGEnGM,Inician los trabajos de recuperación del Puente Belice II.,Gobierno de la República de Guatemala
author::UCaKAjTW9MVub_clgr4DRYjQ,video::j43HgwYFKfk,1,6,0,0.737,comento_en,UCaKAjTW9MVub_clgr4DRYjQ,@josecastillo4390,j43HgwYFKfk,La cooptación de Walter Mazariegos en la USAC,Quorum
author::UCaT4saRcyqCLE657Rq2hhZQ,video::6W4u8sGEnGM,1,0,0,0.561,comento_en,UCaT4saRcyqCLE657Rq2hhZQ,@elmilenial4064,6W4u8sGEnGM,Inician los trabajos de recuperación del Puente Belice II.,Gobierno de la República de Guatemala
author::UCaT6M2zp7X6r6Whd8Vv3kHQ,video::lj983NWyAQY,1,1,0,0.851,comento_en,UCaT6M2zp7X6r6Whd8Vv3kHQ,@alexarcos8349,lj983NWyAQY,Plan 2032 Ciudad de Guatemala,Municipalidad de Guatemala
author::UCat2qkYvqmtDNEmo2PVuhXw,video::OkXlHx0hx-8,1,1,0,-0.426,comento_en,UCat2qkYvqmtDNEmo2PVuhXw,@DoraSalas-j5o,OkXlHx0hx-8,EE.UU. envía a mexicanos deportados a Guatemala antes de su regreso a México | Noticias Telemundo,Noticias Telemundo
author::UCbNanjFI51cwGqMAb2rOrBw,video::OkXlHx0hx-8,1,0,0,0.761,comento_en,UCbNanjFI51cwGqMAb2rOrBw,@RosaMontesdeOca777,OkXlHx0hx-8,EE.UU. envía a mexicanos deportados a Guatemala antes de su regreso a México | Noticias Telemundo,Noticias Telemundo
author::UCbYoNG5J3Au5BqtbXogfEFw,video::PjmxCj-a9Hg,1,1,0,-0.175,comento_en,UCbYoNG5J3Au5BqtbXogfEFw,@Luis-gn3fj,PjmxCj-a9Hg,Conferencia de Prensa del Gobierno de Guatemala. #LaRondaGt,Gobierno de la República de Guatemala
author::UCbrtvygfRT6QXqWDNrOf-cA,video::ndAZjHqzzT8,1,0,0,-0.98,comento_en,UCbrtvygfRT6QXqWDNrOf-cA,@Alejandro00710,ndAZjHqzzT8,Internet: escoger el menos malo,Quorum
author::UCbrtvygfRT6QXqWDNrOf-cA,video::yLZS3JiEBg8,1,0,0,-0.98,comento_en,UCbrtvygfRT6QXqWDNrOf-cA,@Alejandro00710,yLZS3JiEBg8,Arroz con pollo a la MONOPOLIO,Quorum
author::UCcFIBN-rtC3d3hXeuN5TfWw,video::yLZS3JiEBg8,1,0,0,-0.943,comento_en,UCcFIBN-rtC3d3hXeuN5TfWw,@DenisRMC,yLZS3JiEBg8,Arroz con pollo a la MONOPOLIO,Quorum
author::UCc_F88PzGWtA1OPNUEASulA,video::yLZS3JiEBg8,1,0,0,-0.926,comento_en,UCc_F88PzGWtA1OPNUEASulA,@rockyscarlet,yLZS3JiEBg8,Arroz con pollo a la MONOPOLIO,Quorum
author::UCcfdg8crmMJwEuLUsAhV7yg,video::n8iP75gIpmw,1,1,0,-0.873,comento_en,UCcfdg8crmMJwEuLUsAhV7yg,@RolandoRaguay,n8iP75gIpmw,Qué rico come tu diputado,Quorum
author::UCdFlugHJJa4l3YqWuNRmvXw,video::is3Mk5oC19g,1,0,1,-0.894,comento_en,UCdFlugHJJa4l3YqWuNRmvXw,@MarcosCarillo-b1r,is3Mk5oC19g,Capturan a ladrón que había quedado grabado mientras robaba en una parroquia de Retalhuleu,TN23 Guatemala
author::UCdFlugHJJa4l3YqWuNRmvXw,video::j43HgwYFKfk,1,0,0,-0.762,comento_en,UCdFlugHJJa4l3YqWuNRmvXw,@MarcosCarillo-b1r,j43HgwYFKfk,La cooptación de Walter Mazariegos en la USAC,Quorum
author::UCdQAuWwyC99MB7Y02Umj26Q,video::yLZS3JiEBg8,1,0,0,-0.8,comento_en,UCdQAuWwyC99MB7Y02Umj26Q,@miguelbran1268,yLZS3JiEBg8,Arroz con pollo a la MONOPOLIO,Quorum
author::UCe8JZoYkX5oKUZyivHYdXhw,video::j43HgwYFKfk,1,0,0,-0.947,comento_en,UCe8JZoYkX5oKUZyivHYdXhw,@FernandoGarcia-jg1fj,j43HgwYFKfk,La cooptación de Walter Mazariegos en la USAC,Quorum
author::UCeDNEtI8_a42bZ47wJiJMwQ,video::j43HgwYFKfk,1,0,0,-0.35,comento_en,UCeDNEtI8_a42bZ47wJiJMwQ,@EdgarcalderonCalderong,j43HgwYFKfk,La cooptación de Walter Mazariegos en la USAC,Quorum
author::UCeQk-WfEA-cJRq4EKeE7TOw,video::6W4u8sGEnGM,1,0,0,-0.967,comento_en,UCeQk-WfEA-cJRq4EKeE7TOw,@franciscojuarez9223,6W4u8sGEnGM,Inician los trabajos de recuperación del Puente Belice II.,Gobierno de la República de Guatemala
author::UCefAH1MbvADWUjE9WVcB9EQ,video::yLZS3JiEBg8,1,0,0,-0.977,comento_en,UCefAH1MbvADWUjE9WVcB9EQ,@jabriz8152,yLZS3JiEBg8,Arroz con pollo a la MONOPOLIO,Quorum
author::UCf5lnNZF7Qrtli9v4N_23WQ,video::PjmxCj-a9Hg,1,0,0,-0.538,comento_en,UCf5lnNZF7Qrtli9v4N_23WQ,@CarlosCortez-v5r,PjmxCj-a9Hg,Conferencia de Prensa del Gobierno de Guatemala. #LaRondaGt,Gobierno de la República de Guatemala
author::UCfM3nrxtTQMY5jFx1v1J4Gg,video::n8iP75gIpmw,1,0,0,-0.859,comento_en,UCfM3nrxtTQMY5jFx1v1J4Gg,@edgarroldan5539,n8iP75gIpmw,Qué rico come tu diputado,Quorum
author::UCfRqgt2O-vjzUDMZY_tnxQw,video::is3Mk5oC19g,1,0,0,-0.713,comento_en,UCfRqgt2O-vjzUDMZY_tnxQw,@Williams-Garcia67E,is3Mk5oC19g,Capturan a ladrón que había quedado grabado mientras robaba en una parroquia de Retalhuleu,TN23 Guatemala
author::UCfXykdbSU97rj987LDUGfvg,video::06mFNPU0aB8,1,1,0,-0.918,comento_en,UCfXykdbSU97rj987LDUGfvg,@MariaSantos-c8y3h,06mFNPU0aB8,Capturan a presuntos delincuentes disfrazados de mujer señalados de cometer asalto,Noti7
author::UCfjhejO7LZy4doXURa7LZCQ,video::06mFNPU0aB8,1,0,0,-0.108,comento_en,UCfjhejO7LZy4doXURa7LZCQ,@HonwayLee-z5g,06mFNPU0aB8,Capturan a presuntos delincuentes disfrazados de mujer señalados de cometer asalto,Noti7
author::UCfo_yUPzy1f1POwwZxhZ06Q,video::6W4u8sGEnGM,1,1,0,-0.602,comento_en,UCfo_yUPzy1f1POwwZxhZ06Q,@lara11roberto,6W4u8sGEnGM,Inician los trabajos de recuperación del Puente Belice II.,Gobierno de la República de Guatemala
author::UCg3eIfd7BrsLEqS0BLkftHA,video::PjmxCj-a9Hg,3,0,0,-0.658,comento_en,UCg3eIfd7BrsLEqS0BLkftHA,@ErmePérez-q4s,PjmxCj-a9Hg,Conferencia de Prensa del Gobierno de Guatemala. #LaRondaGt,Gobierno de la República de Guatemala
author::UCgGqw4aqMdMVSGkKiMgrJRQ,video::6W4u8sGEnGM,1,0,0,0.871,comento_en,UCgGqw4aqMdMVSGkKiMgrJRQ,@pattyfigueroa5609,6W4u8sGEnGM,Inician los trabajos de recuperación del Puente Belice II.,Gobierno de la República de Guatemala
author::UCgJNFj5dnxXpcMvmuhZDPxA,video::j43HgwYFKfk,1,1,0,0.905,comento_en,UCgJNFj5dnxXpcMvmuhZDPxA,@NataliaRodriguez-rx5mr,j43HgwYFKfk,La cooptación de Walter Mazariegos en la USAC,Quorum
author::UCgLrWFdYitoP-b7-PxtUr-w,video::lj983NWyAQY,1,405,3,0.073,comento_en,UCgLrWFdYitoP-b7-PxtUr-w,@zetag,lj983NWyAQY,Plan 2032 Ciudad de Guatemala,Municipalidad de Guatemala
author::UCgLurCo-e019HGODcjXHWCw,video::lj983NWyAQY,1,2,0,0.007,comento_en,UCgLurCo-e019HGODcjXHWCw,@perritojuega1,lj983NWyAQY,Plan 2032 Ciudad de Guatemala,Municipalidad de Guatemala
author::UCgQJgI9vu1FI2dnC9mrFthw,video::PjmxCj-a9Hg,1,2,0,-0.879,comento_en,UCgQJgI9vu1FI2dnC9mrFthw,@srms70,PjmxCj-a9Hg,Conferencia de Prensa del Gobierno de Guatemala. #LaRondaGt,Gobierno de la República de Guatemala
author::UCgQw_Sbq3ugruDUKsq1e0-A,video::j43HgwYFKfk,1,0,0,-0.975,comento_en,UCgQw_Sbq3ugruDUKsq1e0-A,@marlenareano-h4t,j43HgwYFKfk,La cooptación de Walter Mazariegos en la USAC,Quorum
author::UCgvw7xIdGFupzpt1Y_BFkEA,video::n8iP75gIpmw,1,1,0,0.595,comento_en,UCgvw7xIdGFupzpt1Y_BFkEA,@fredygarcia9151,n8iP75gIpmw,Qué rico come tu diputado,Quorum
author::UCh5ESQvtzyHDhCA7XyekCFA,video::n8iP75gIpmw,3,4,0,-0.865,comento_en,UCh5ESQvtzyHDhCA7XyekCFA,@andyB5280,n8iP75gIpmw,Qué rico come tu diputado,Quorum
author::UChT7pzGytNd92Nmvi-zuWog,video::yLZS3JiEBg8,1,1,0,0.239,comento_en,UChT7pzGytNd92Nmvi-zuWog,@sparkvalkov,yLZS3JiEBg8,Arroz con pollo a la MONOPOLIO,Quorum
author::UChZknRmJkeGeQk0-mQuhDOg,video::n8iP75gIpmw,1,1,0,-0.928,comento_en,UChZknRmJkeGeQk0-mQuhDOg,@OdilioRodríguez-c5w,n8iP75gIpmw,Qué rico come tu diputado,Quorum
author::UCheEJ5GZuIvV0fj-nXyVwXw,video::6W4u8sGEnGM,1,0,0,0.136,comento_en,UCheEJ5GZuIvV0fj-nXyVwXw,@rosaoliva9389,6W4u8sGEnGM,Inician los trabajos de recuperación del Puente Belice II.,Gobierno de la República de Guatemala
author::UChep9kVb5gQmpodEEl10Xlg,video::n8iP75gIpmw,1,0,0,-0.945,comento_en,UChep9kVb5gQmpodEEl10Xlg,@carlosaguilar-kz7ml,n8iP75gIpmw,Qué rico come tu diputado,Quorum
author::UChgkn5Jt5tWKYMoEOuCjz3Q,video::n8iP75gIpmw,1,2,0,0.767,comento_en,UChgkn5Jt5tWKYMoEOuCjz3Q,@pablochitay46,n8iP75gIpmw,Qué rico come tu diputado,Quorum
author::UChs3tU2BcKOT0CezykvAsGw,video::n8iP75gIpmw,3,4,0,-0.401,comento_en,UChs3tU2BcKOT0CezykvAsGw,@byronpontaza,n8iP75gIpmw,Qué rico come tu diputado,Quorum
author::UChyps3dqY-VY1_wLeq-2lhw,video::6W4u8sGEnGM,1,14,1,0.217,comento_en,UChyps3dqY-VY1_wLeq-2lhw,@maydamorales4395,6W4u8sGEnGM,Inician los trabajos de recuperación del Puente Belice II.,Gobierno de la República de Guatemala
author::UCi-vPdnpQreC7BkFs40mJGA,video::lj983NWyAQY,1,35,0,0.976,comento_en,UCi-vPdnpQreC7BkFs40mJGA,@bryansicasales4280,lj983NWyAQY,Plan 2032 Ciudad de Guatemala,Municipalidad de Guatemala
author::UCi1b_TRQfgO1Z9O2gNGGWNA,video::n8iP75gIpmw,2,0,0,-0.791,comento_en,UCi1b_TRQfgO1Z9O2gNGGWNA,@davidisraelesquitsaquil,n8iP75gIpmw,Qué rico come tu diputado,Quorum
author::UCi2KiZq63sRq8Mfbcp-MelQ,video::OkXlHx0hx-8,6,1,0,-0.481,comento_en,UCi2KiZq63sRq8Mfbcp-MelQ,@eugeneramirez4405,OkXlHx0hx-8,EE.UU. envía a mexicanos deportados a Guatemala antes de su regreso a México | Noticias Telemundo,Noticias Telemundo
author::UCiC-Jn7wdgyQV4_Urk0DkWQ,video::j43HgwYFKfk,1,1,0,-0.077,comento_en,UCiC-Jn7wdgyQV4_Urk0DkWQ,@pedroros6358,j43HgwYFKfk,La cooptación de Walter Mazariegos en la USAC,Quorum
author::UCiGRBf2RNF0WRKhRVT7zFoA,video::n8iP75gIpmw,1,0,0,-0.954,comento_en,UCiGRBf2RNF0WRKhRVT7zFoA,@edwinavila4876,n8iP75gIpmw,Qué rico come tu diputado,Quorum
author::UCiMythXHsw7eQEMykCdmMUA,video::n8iP75gIpmw,1,2,0,0.31,comento_en,UCiMythXHsw7eQEMykCdmMUA,@JavierBecerra-h6x,n8iP75gIpmw,Qué rico come tu diputado,Quorum
author::UCiOZX__1gahg1ypIj0_XG_w,video::6W4u8sGEnGM,1,1,0,0.081,comento_en,UCiOZX__1gahg1ypIj0_XG_w,@mariogonzalezorellana8956,6W4u8sGEnGM,Inician los trabajos de recuperación del Puente Belice II.,Gobierno de la República de Guatemala
author::UCipetjeiWj4CZB6EbyYziZg,video::n8iP75gIpmw,1,0,0,-0.971,comento_en,UCipetjeiWj4CZB6EbyYziZg,@OseasSamayoa-ol5rz,n8iP75gIpmw,Qué rico come tu diputado,Quorum
author::UCj-LL25XJnjxepPKCc3NGog,video::n8iP75gIpmw,1,1,0,-0.039,comento_en,UCj-LL25XJnjxepPKCc3NGog,@anaaguirre8985,n8iP75gIpmw,Qué rico come tu diputado,Quorum
author::UCjJf-AJKRFFWtiN-CSwkDmA,video::ndAZjHqzzT8,1,0,0,-0.872,comento_en,UCjJf-AJKRFFWtiN-CSwkDmA,@2jose82,ndAZjHqzzT8,Internet: escoger el menos malo,Quorum
author::UCjSKM9j0Q7HLDr1hD6D-TUw,video::n8iP75gIpmw,1,2,0,-0.947,comento_en,UCjSKM9j0Q7HLDr1hD6D-TUw,@josehidalgo4875,n8iP75gIpmw,Qué rico come tu diputado,Quorum
author::UCjZgFEowMBrsjodqfovzdKw,video::06mFNPU0aB8,1,0,0,0.212,comento_en,UCjZgFEowMBrsjodqfovzdKw,@franciscoflores3120,06mFNPU0aB8,Capturan a presuntos delincuentes disfrazados de mujer señalados de cometer asalto,Noti7
author::UCjZgFEowMBrsjodqfovzdKw,video::6W4u8sGEnGM,1,0,0,-0.015,comento_en,UCjZgFEowMBrsjodqfovzdKw,@franciscoflores3120,6W4u8sGEnGM,Inician los trabajos de recuperación del Puente Belice II.,Gobierno de la República de Guatemala
author::UCjmPuazZJzscrwvk0QR9RVw,video::n8iP75gIpmw,1,2,0,-0.971,comento_en,UCjmPuazZJzscrwvk0QR9RVw,@mynorrodas8591,n8iP75gIpmw,Qué rico come tu diputado,Quorum
author::UCk4O-J1BhoqPmig1KLGJePA,video::is3Mk5oC19g,1,0,0,-0.545,comento_en,UCk4O-J1BhoqPmig1KLGJePA,@lazarobarillas3575,is3Mk5oC19g,Capturan a ladrón que había quedado grabado mientras robaba en una parroquia de Retalhuleu,TN23 Guatemala
author::UCkVtmkK07b2zaVVNssX4lOg,video::j43HgwYFKfk,1,0,0,-0.965,comento_en,UCkVtmkK07b2zaVVNssX4lOg,@HectorElias-u2l,j43HgwYFKfk,La cooptación de Walter Mazariegos en la USAC,Quorum
author::UCkbsS_3D-pvg1iHOld9uvIg,video::j43HgwYFKfk,1,0,0,-0.671,comento_en,UCkbsS_3D-pvg1iHOld9uvIg,@gonzalo6075,j43HgwYFKfk,La cooptación de Walter Mazariegos en la USAC,Quorum
author::UCkd9W714-947dEE6ZOEBATA,video::n8iP75gIpmw,2,3,0,-0.933,comento_en,UCkd9W714-947dEE6ZOEBATA,@ARGELIATELON,n8iP75gIpmw,Qué rico come tu diputado,Quorum
author::UCkxdJ_yGN2gghOMo2ybQtXQ,video::yLZS3JiEBg8,1,1,0,-0.904,comento_en,UCkxdJ_yGN2gghOMo2ybQtXQ,@11223344An,yLZS3JiEBg8,Arroz con pollo a la MONOPOLIO,Quorum
author::UCl0ekS9Tt0jJGtOEM18S63w,video::n8iP75gIpmw,1,0,0,-0.013,comento_en,UCl0ekS9Tt0jJGtOEM18S63w,@monkchapin,n8iP75gIpmw,Qué rico come tu diputado,Quorum
author::UCld2stqxaVSk0QdGncM224A,video::TT4qJ5FXHYE,1,4,0,0.965,comento_en,UCld2stqxaVSk0QdGncM224A,@sarahernandez3873,TT4qJ5FXHYE,"I’x K’at: el primer equipo guatemalteco de pelota maya, conformado únicamente por mujeres.",Quorum
author::UClhMWQ7XKWywYvbRnuf8QsA,video::j43HgwYFKfk,1,0,0,-0.172,comento_en,UClhMWQ7XKWywYvbRnuf8QsA,@EcPerez-zz9oh,j43HgwYFKfk,La cooptación de Walter Mazariegos en la USAC,Quorum
author::UCljDbleJul41G1TzOjOZAVA,video::n8iP75gIpmw,1,1,0,-0.964,comento_en,UCljDbleJul41G1TzOjOZAVA,@hectorcarranza3777,n8iP75gIpmw,Qué rico come tu diputado,Quorum
author::UClqA491Xa5fQcXcJJa-vTWw,video::j43HgwYFKfk,1,0,0,-0.956,comento_en,UClqA491Xa5fQcXcJJa-vTWw,@AndresLemus-k2d,j43HgwYFKfk,La cooptación de Walter Mazariegos en la USAC,Quorum
author::UClsrFGJKWPxxw7MiaEdKLXw,video::PjmxCj-a9Hg,1,3,2,-0.885,comento_en,UClsrFGJKWPxxw7MiaEdKLXw,@ericapaz5406,PjmxCj-a9Hg,Conferencia de Prensa del Gobierno de Guatemala. #LaRondaGt,Gobierno de la República de Guatemala
author::UCmjppp6ujz3SAnULvP3sZMw,video::n8iP75gIpmw,1,0,0,-0.929,comento_en,UCmjppp6ujz3SAnULvP3sZMw,@marcomendez7509,n8iP75gIpmw,Qué rico come tu diputado,Quorum
author::UCmvOgzmmXbjUthHy-WJ52hQ,video::n8iP75gIpmw,1,1,0,-0.778,comento_en,UCmvOgzmmXbjUthHy-WJ52hQ,@mariorodas593,n8iP75gIpmw,Qué rico come tu diputado,Quorum
author::UCnU8wO1OurAmGstDw6VGjgQ,video::ndAZjHqzzT8,1,0,0,0.324,comento_en,UCnU8wO1OurAmGstDw6VGjgQ,@cmorera21,ndAZjHqzzT8,Internet: escoger el menos malo,Quorum
author::UCoGdCoJg2Lh0OX_jv6cG16g,video::6W4u8sGEnGM,2,2,0,0.252,comento_en,UCoGdCoJg2Lh0OX_jv6cG16g,@Israel-u5i7i,6W4u8sGEnGM,Inician los trabajos de recuperación del Puente Belice II.,Gobierno de la República de Guatemala
author::UColMq7LmaoY3MT6aIDGrGvA,video::j43HgwYFKfk,1,0,0,-0.965,comento_en,UColMq7LmaoY3MT6aIDGrGvA,@quijotachapina1,j43HgwYFKfk,La cooptación de Walter Mazariegos en la USAC,Quorum
author::UCozFYHN0e_-vlQbX3wQGOug,video::OkXlHx0hx-8,1,5,2,-0.955,comento_en,UCozFYHN0e_-vlQbX3wQGOug,@jesusguzman2321,OkXlHx0hx-8,EE.UU. envía a mexicanos deportados a Guatemala antes de su regreso a México | Noticias Telemundo,Noticias Telemundo
author::UCp29O_C7cchZV8IxV7Crdag,video::6W4u8sGEnGM,2,0,0,0.368,comento_en,UCp29O_C7cchZV8IxV7Crdag,@robertoescobar5507,6W4u8sGEnGM,Inician los trabajos de recuperación del Puente Belice II.,Gobierno de la República de Guatemala
author::UCp4iw5_5SmV9VGTFSNVGOmQ,video::n8iP75gIpmw,1,0,0,-0.825,comento_en,UCp4iw5_5SmV9VGTFSNVGOmQ,@CARLOSSTREMS51,n8iP75gIpmw,Qué rico come tu diputado,Quorum
author::UCpIdtvoFHVLGASGB5ySqIEA,video::n8iP75gIpmw,1,1,0,-0.969,comento_en,UCpIdtvoFHVLGASGB5ySqIEA,@VidalVillatoro-p4w,n8iP75gIpmw,Qué rico come tu diputado,Quorum
author::UCp_dAUfv8i3LW3zWc24dLaQ,video::OkXlHx0hx-8,1,1,0,-0.383,comento_en,UCp_dAUfv8i3LW3zWc24dLaQ,@MarioCortez-o6v,OkXlHx0hx-8,EE.UU. envía a mexicanos deportados a Guatemala antes de su regreso a México | Noticias Telemundo,Noticias Telemundo
author::UCpe5jW3MIqkgTJ-PgkzvM6Q,video::j43HgwYFKfk,1,1,0,-0.684,comento_en,UCpe5jW3MIqkgTJ-PgkzvM6Q,@carloslam5333,j43HgwYFKfk,La cooptación de Walter Mazariegos en la USAC,Quorum
author::UCpl8rF8uv_8uui-QRvuJaRA,video::n8iP75gIpmw,1,0,0,0.911,comento_en,UCpl8rF8uv_8uui-QRvuJaRA,@SergioGarcia-z9c,n8iP75gIpmw,Qué rico come tu diputado,Quorum
author::UCplrIQtaPj6au60_f2-mOYw,video::n8iP75gIpmw,1,0,0,-0.833,comento_en,UCplrIQtaPj6au60_f2-mOYw,@romeolopezherrarte799,n8iP75gIpmw,Qué rico come tu diputado,Quorum
author::UCpsKOkt5iWTbenzeuq7dsmQ,video::j43HgwYFKfk,1,2,0,0.079,comento_en,UCpsKOkt5iWTbenzeuq7dsmQ,@inge_vergueta,j43HgwYFKfk,La cooptación de Walter Mazariegos en la USAC,Quorum
author::UCpsKOkt5iWTbenzeuq7dsmQ,video::n8iP75gIpmw,1,1,0,-0.931,comento_en,UCpsKOkt5iWTbenzeuq7dsmQ,@inge_vergueta,n8iP75gIpmw,Qué rico come tu diputado,Quorum
author::UCpsKOkt5iWTbenzeuq7dsmQ,video::ndAZjHqzzT8,1,1,0,0.708,comento_en,UCpsKOkt5iWTbenzeuq7dsmQ,@inge_vergueta,ndAZjHqzzT8,Internet: escoger el menos malo,Quorum
author::UCq3mDTTRZnUybct5M9OSXbg,video::06mFNPU0aB8,1,1,0,-0.33,comento_en,UCq3mDTTRZnUybct5M9OSXbg,@MacoMorales-i2i2d,06mFNPU0aB8,Capturan a presuntos delincuentes disfrazados de mujer señalados de cometer asalto,Noti7
author::UCqCrvuoJpC-aVb0f4logQRQ,video::j43HgwYFKfk,1,0,0,-0.832,comento_en,UCqCrvuoJpC-aVb0f4logQRQ,@Lyrics_GT,j43HgwYFKfk,La cooptación de Walter Mazariegos en la USAC,Quorum
author::UCqilIa8r7iek5sGYg_q6ofA,video::lj983NWyAQY,1,52,1,0.84,comento_en,UCqilIa8r7iek5sGYg_q6ofA,@rolandojuchuna484,lj983NWyAQY,Plan 2032 Ciudad de Guatemala,Municipalidad de Guatemala
author::UCql1n3Ey6ULMSOACjMe-fxQ,video::6W4u8sGEnGM,1,6,7,-0.96,comento_en,UCql1n3Ey6ULMSOACjMe-fxQ,@RolandoGonzalez-o7g,6W4u8sGEnGM,Inician los trabajos de recuperación del Puente Belice II.,Gobierno de la República de Guatemala
author::UCr1emrogPKkKTs_WTtx71xg,video::n8iP75gIpmw,1,0,0,-0.291,comento_en,UCr1emrogPKkKTs_WTtx71xg,@domingopeneleu6457,n8iP75gIpmw,Qué rico come tu diputado,Quorum
author::UCrJn_rbo_ENAdeqneS-RmRw,video::n8iP75gIpmw,2,1,0,-0.949,comento_en,UCrJn_rbo_ENAdeqneS-RmRw,@josecarrera9623,n8iP75gIpmw,Qué rico come tu diputado,Quorum
author::UCrqXyRsg-_hTosURZ-uvoKg,video::OkXlHx0hx-8,1,0,0,-0.948,comento_en,UCrqXyRsg-_hTosURZ-uvoKg,@flornolberto2425,OkXlHx0hx-8,EE.UU. envía a mexicanos deportados a Guatemala antes de su regreso a México | Noticias Telemundo,Noticias Telemundo
author::UCsGoJEvb-cFPZ2rWoJcXzEQ,video::j43HgwYFKfk,1,10,0,0.956,comento_en,UCsGoJEvb-cFPZ2rWoJcXzEQ,@sergiohinestroza9709,j43HgwYFKfk,La cooptación de Walter Mazariegos en la USAC,Quorum
author::UCsJJAvrVGupdmhOqgtDp8dg,video::n8iP75gIpmw,1,1,0,-0.56,comento_en,UCsJJAvrVGupdmhOqgtDp8dg,@nestorlorenzana1168,n8iP75gIpmw,Qué rico come tu diputado,Quorum
author::UCsSXdJct-nsS8DsABoEsaYA,video::n8iP75gIpmw,1,2,1,0.022,comento_en,UCsSXdJct-nsS8DsABoEsaYA,@IvánPérez-j4j,n8iP75gIpmw,Qué rico come tu diputado,Quorum
author::UCsUCN0Yq_UyTvKjOJLmNrnQ,video::b_Hkrkl3adA,1,0,0,-0.753,comento_en,UCsUCN0Yq_UyTvKjOJLmNrnQ,@moisesvaldez4043,b_Hkrkl3adA,Bloqueos en Guatemala este 31 de agosto por alza en combustibles afectan rutas principales,PrensaLibreOficial
author::UCsUCN0Yq_UyTvKjOJLmNrnQ,video::n8iP75gIpmw,1,0,0,-0.94,comento_en,UCsUCN0Yq_UyTvKjOJLmNrnQ,@moisesvaldez4043,n8iP75gIpmw,Qué rico come tu diputado,Quorum
author::UCs_5qeqdku9tGAq22y3OcuQ,video::lj983NWyAQY,1,4,0,0.971,comento_en,UCs_5qeqdku9tGAq22y3OcuQ,@alexandrevasquez4135,lj983NWyAQY,Plan 2032 Ciudad de Guatemala,Municipalidad de Guatemala
author::UCsjs5Hp_r86x1xbK6FAeqaA,video::n8iP75gIpmw,1,2,0,-0.965,comento_en,UCsjs5Hp_r86x1xbK6FAeqaA,@alvaroesquivel563,n8iP75gIpmw,Qué rico come tu diputado,Quorum
author::UCtCtts20bW6F9CSohau51Iw,video::6W4u8sGEnGM,2,0,0,-0.378,comento_en,UCtCtts20bW6F9CSohau51Iw,@carlosgranados9875,6W4u8sGEnGM,Inician los trabajos de recuperación del Puente Belice II.,Gobierno de la República de Guatemala
author::UCtMBF_1O2jY2INlb_luuB_A,video::lj983NWyAQY,1,15,0,0.617,comento_en,UCtMBF_1O2jY2INlb_luuB_A,@mynorgudiel8646,lj983NWyAQY,Plan 2032 Ciudad de Guatemala,Municipalidad de Guatemala
author::UCtNfIBnc5S5DbbQj_yxgJTw,video::n8iP75gIpmw,1,1,0,-0.331,comento_en,UCtNfIBnc5S5DbbQj_yxgJTw,@JosueRamirez-ey3ih,n8iP75gIpmw,Qué rico come tu diputado,Quorum
author::UCtNyHmRZtvGF2hSvI2dUBWw,video::PjmxCj-a9Hg,2,1,0,-0.485,comento_en,UCtNyHmRZtvGF2hSvI2dUBWw,@aureliomaldonado4793,PjmxCj-a9Hg,Conferencia de Prensa del Gobierno de Guatemala. #LaRondaGt,Gobierno de la República de Guatemala
author::UCtUR3_CAiE7fCoZHM6cMfyQ,video::n8iP75gIpmw,1,10,0,-0.867,comento_en,UCtUR3_CAiE7fCoZHM6cMfyQ,@mdelcid01,n8iP75gIpmw,Qué rico come tu diputado,Quorum
author::UCtiHFjFu7d5v2XxHnKFUYig,video::OkXlHx0hx-8,1,0,0,-0.189,comento_en,UCtiHFjFu7d5v2XxHnKFUYig,@Paul-gf7ec,OkXlHx0hx-8,EE.UU. envía a mexicanos deportados a Guatemala antes de su regreso a México | Noticias Telemundo,Noticias Telemundo
author::UCtowGNY2lnlg6O2CkwDgkLg,video::TT4qJ5FXHYE,1,2,0,0.958,comento_en,UCtowGNY2lnlg6O2CkwDgkLg,@taniagabrielacelis8434,TT4qJ5FXHYE,"I’x K’at: el primer equipo guatemalteco de pelota maya, conformado únicamente por mujeres.",Quorum
author::UCtsxPYw8VUsH_FfnKg-0lmw,video::6W4u8sGEnGM,1,2,0,-0.405,comento_en,UCtsxPYw8VUsH_FfnKg-0lmw,@AlejandroPérez-b6r,6W4u8sGEnGM,Inician los trabajos de recuperación del Puente Belice II.,Gobierno de la República de Guatemala
author::UCu8_3-Wg-YzNyvHYQDEscfw,video::j43HgwYFKfk,1,2,0,-0.919,comento_en,UCu8_3-Wg-YzNyvHYQDEscfw,@RolandoCastroPérez-d7y,j43HgwYFKfk,La cooptación de Walter Mazariegos en la USAC,Quorum
author::UCuP4UK33HKtJE_S39ksmaTw,video::PjmxCj-a9Hg,1,0,0,-0.97,comento_en,UCuP4UK33HKtJE_S39ksmaTw,@herbertaguilar1387,PjmxCj-a9Hg,Conferencia de Prensa del Gobierno de Guatemala. #LaRondaGt,Gobierno de la República de Guatemala
author::UCuXmOjxC-htcprLgeVXz6Tg,video::j43HgwYFKfk,1,1,0,-0.805,comento_en,UCuXmOjxC-htcprLgeVXz6Tg,@jorgeaguilar-bq3uj,j43HgwYFKfk,La cooptación de Walter Mazariegos en la USAC,Quorum
author::UCueV9cTyTDwgQSec1x2dYgA,video::n8iP75gIpmw,1,0,0,-0.669,comento_en,UCueV9cTyTDwgQSec1x2dYgA,@fredydomingo7062,n8iP75gIpmw,Qué rico come tu diputado,Quorum
author::UCujPF2nBgsTD62nWE3lcpIg,video::n8iP75gIpmw,1,0,0,-0.887,comento_en,UCujPF2nBgsTD62nWE3lcpIg,@victorarturoruanobautista7588,n8iP75gIpmw,Qué rico come tu diputado,Quorum
author::UCusjriFsDHEc2AOjqk-p5ig,video::PjmxCj-a9Hg,1,2,0,-0.852,comento_en,UCusjriFsDHEc2AOjqk-p5ig,@pablobarrios7931,PjmxCj-a9Hg,Conferencia de Prensa del Gobierno de Guatemala. #LaRondaGt,Gobierno de la República de Guatemala
author::UCut6b9S98nv84cVX89PmKzA,video::n8iP75gIpmw,2,1,0,-0.93,comento_en,UCut6b9S98nv84cVX89PmKzA,@yeniferaguirre4498,n8iP75gIpmw,Qué rico come tu diputado,Quorum
author::UCvApqeCbLod-wejtT4CcVuA,video::n8iP75gIpmw,1,15,0,-0.958,comento_en,UCvApqeCbLod-wejtT4CcVuA,@davidgaher9550,n8iP75gIpmw,Qué rico come tu diputado,Quorum
author::UCvDwJBBY1mHK70aTEYl6rsA,video::6W4u8sGEnGM,1,1,0,0.098,comento_en,UCvDwJBBY1mHK70aTEYl6rsA,@cristianescobedo8296,6W4u8sGEnGM,Inician los trabajos de recuperación del Puente Belice II.,Gobierno de la República de Guatemala
author::UCvcu1kR8xMYy_I1Ty-2mV2Q,video::WIUZtitfLRw,1,0,0,0.156,comento_en,UCvcu1kR8xMYy_I1Ty-2mV2Q,@hashojea7348,WIUZtitfLRw,Caminar en una ciudad hecha para carros,Quorum
author::UCvcu1kR8xMYy_I1Ty-2mV2Q,video::ndAZjHqzzT8,2,0,0,0.362,comento_en,UCvcu1kR8xMYy_I1Ty-2mV2Q,@hashojea7348,ndAZjHqzzT8,Internet: escoger el menos malo,Quorum
author::UCvcu1kR8xMYy_I1Ty-2mV2Q,video::yLZS3JiEBg8,1,0,0,0.959,comento_en,UCvcu1kR8xMYy_I1Ty-2mV2Q,@hashojea7348,yLZS3JiEBg8,Arroz con pollo a la MONOPOLIO,Quorum
author::UCvl1tzQeBeGy6efPTRJXSCw,video::06mFNPU0aB8,1,0,0,-0.959,comento_en,UCvl1tzQeBeGy6efPTRJXSCw,@RaulPerez-cw2vi,06mFNPU0aB8,Capturan a presuntos delincuentes disfrazados de mujer señalados de cometer asalto,Noti7
author::UCwCfs-2zbD5k0lG-UVg_JBw,video::06mFNPU0aB8,1,0,0,0.483,comento_en,UCwCfs-2zbD5k0lG-UVg_JBw,@JessicaHuaz-96,06mFNPU0aB8,Capturan a presuntos delincuentes disfrazados de mujer señalados de cometer asalto,Noti7
author::UCwEe1RKlEv1UpNWmWYfSh4w,video::yLZS3JiEBg8,1,0,0,-0.897,comento_en,UCwEe1RKlEv1UpNWmWYfSh4w,@marioramirez299,yLZS3JiEBg8,Arroz con pollo a la MONOPOLIO,Quorum
author::UCwO2SXr0ggzwg6QWWrr01nQ,video::n8iP75gIpmw,1,11,0,-0.89,comento_en,UCwO2SXr0ggzwg6QWWrr01nQ,@ricardofigueroa5720,n8iP75gIpmw,Qué rico come tu diputado,Quorum
author::UCwUAv3_LpWVtTIi7lkmTL7A,video::lj983NWyAQY,1,16,0,0.628,comento_en,UCwUAv3_LpWVtTIi7lkmTL7A,@kingr4706,lj983NWyAQY,Plan 2032 Ciudad de Guatemala,Municipalidad de Guatemala
author::UCwW2OFy95P7ZBkOPxWkpvYg,video::n8iP75gIpmw,2,2,0,-0.442,comento_en,UCwW2OFy95P7ZBkOPxWkpvYg,@TeresaLucero-b5o,n8iP75gIpmw,Qué rico come tu diputado,Quorum
author::UCwgCc9Jd_gG-uLE_SY-FfPg,video::j43HgwYFKfk,1,0,0,-0.863,comento_en,UCwgCc9Jd_gG-uLE_SY-FfPg,@armindapenados2841,j43HgwYFKfk,La cooptación de Walter Mazariegos en la USAC,Quorum
author::UCwha8rxULYMVtNwZWeSkE1A,video::n8iP75gIpmw,1,0,0,-0.851,comento_en,UCwha8rxULYMVtNwZWeSkE1A,@mariasamo8637,n8iP75gIpmw,Qué rico come tu diputado,Quorum
author::UCwjUvRseNtJoItylIyIez7Q,video::j43HgwYFKfk,1,0,0,-0.832,comento_en,UCwjUvRseNtJoItylIyIez7Q,@Silviazea,j43HgwYFKfk,La cooptación de Walter Mazariegos en la USAC,Quorum
author::UCwxoKK59nGCeBqB2sXfDBIw,video::6W4u8sGEnGM,1,0,1,-0.958,comento_en,UCwxoKK59nGCeBqB2sXfDBIw,@vic-bonivideos,6W4u8sGEnGM,Inician los trabajos de recuperación del Puente Belice II.,Gobierno de la República de Guatemala
author::UCxKR3RA8T-kxMgq_2WWhRcQ,video::lj983NWyAQY,1,329,5,0.973,comento_en,UCxKR3RA8T-kxMgq_2WWhRcQ,@elenaluarca9377,lj983NWyAQY,Plan 2032 Ciudad de Guatemala,Municipalidad de Guatemala
author::UCxcoDvP-g2_KTZDmVZtvb3w,video::yLZS3JiEBg8,1,0,0,-0.93,comento_en,UCxcoDvP-g2_KTZDmVZtvb3w,@angelmartinez9523,yLZS3JiEBg8,Arroz con pollo a la MONOPOLIO,Quorum
author::UCxff05WuyvwELNITi7bj7UA,video::n8iP75gIpmw,1,3,0,-0.957,comento_en,UCxff05WuyvwELNITi7bj7UA,@markoherrera,n8iP75gIpmw,Qué rico come tu diputado,Quorum
author::UCxhtlxPV8AYWaNNyU6S9H8Q,video::OkXlHx0hx-8,1,0,0,-0.404,comento_en,UCxhtlxPV8AYWaNNyU6S9H8Q,@WilR-s8r,OkXlHx0hx-8,EE.UU. envía a mexicanos deportados a Guatemala antes de su regreso a México | Noticias Telemundo,Noticias Telemundo
author::UCyJhqmMbsvjpoarBBStA2kg,video::6W4u8sGEnGM,6,14,0,-0.314,comento_en,UCyJhqmMbsvjpoarBBStA2kg,@Murmullodelbarrio,6W4u8sGEnGM,Inician los trabajos de recuperación del Puente Belice II.,Gobierno de la República de Guatemala
author::UCySYJU5kUh7X8gVt9la2ISA,video::n8iP75gIpmw,1,0,0,-0.785,comento_en,UCySYJU5kUh7X8gVt9la2ISA,@dantesarti4351,n8iP75gIpmw,Qué rico come tu diputado,Quorum
author::UCyW68EGZey4ao_Vf2cR5Ztg,video::WIUZtitfLRw,1,0,0,-0.95,comento_en,UCyW68EGZey4ao_Vf2cR5Ztg,@ZabalaXabier,WIUZtitfLRw,Caminar en una ciudad hecha para carros,Quorum
author::UCylqlpsh8ENNM1LqgQ1KbxA,video::j43HgwYFKfk,2,1,0,-0.58,comento_en,UCylqlpsh8ENNM1LqgQ1KbxA,@Jel.Awesh.M,j43HgwYFKfk,La cooptación de Walter Mazariegos en la USAC,Quorum
author::UCylqlpsh8ENNM1LqgQ1KbxA,video::n8iP75gIpmw,1,0,0,-0.857,comento_en,UCylqlpsh8ENNM1LqgQ1KbxA,@Jel.Awesh.M,n8iP75gIpmw,Qué rico come tu diputado,Quorum
author::UCyor0Mmm0ivLX2jIdyGp84Q,video::3Nfp9h5avBI,1,0,0,-0.955,comento_en,UCyor0Mmm0ivLX2jIdyGp84Q,@MiguelJordan-n3g,3Nfp9h5avBI,"Noticiero en Directo 1 pm, 28 de Agosto de 2026",Noticiero Guatevisión 13 Hrs.
author::UCyzf29IYjNw67gGIfsjgtxA,video::lj983NWyAQY,1,45,0,0.793,comento_en,UCyzf29IYjNw67gGIfsjgtxA,@carlosoliva9249,lj983NWyAQY,Plan 2032 Ciudad de Guatemala,Municipalidad de Guatemala
author::UCz3gu01bmjNv0DpRq-K3XYg,video::n8iP75gIpmw,2,2,0,-0.768,comento_en,UCz3gu01bmjNv0DpRq-K3XYg,@eusebiovasquez4385,n8iP75gIpmw,Qué rico come tu diputado,Quorum
author::UCzSfZlOVxBSs5ObD25ywxDQ,video::n8iP75gIpmw,1,0,0,-0.962,comento_en,UCzSfZlOVxBSs5ObD25ywxDQ,@GilmarMaldonado-q9m,n8iP75gIpmw,Qué rico come tu diputado,Quorum
author::UCzZ6dDCEsLMXbc5pCFXIprw,video::6W4u8sGEnGM,1,0,0,-0.875,comento_en,UCzZ6dDCEsLMXbc5pCFXIprw,@josegil3813,6W4u8sGEnGM,Inician los trabajos de recuperación del Puente Belice II.,Gobierno de la República de Guatemala
author::UCzZ6dDCEsLMXbc5pCFXIprw,video::PjmxCj-a9Hg,1,0,0,0.711,comento_en,UCzZ6dDCEsLMXbc5pCFXIprw,@josegil3813,PjmxCj-a9Hg,Conferencia de Prensa del Gobierno de Guatemala. #LaRondaGt,Gobierno de la República de Guatemala
author::UCzoL2l5H5eVlorWGH8AZfAg,video::n8iP75gIpmw,1,6,0,-0.978,comento_en,UCzoL2l5H5eVlorWGH8AZfAg,@jor77cas,n8iP75gIpmw,Qué rico come tu diputado,Quorum
