node_id,tipo_nodo,etiqueta,comunidad,componente,grado,fuerza,grado_bipartito,intermediacion,cercania,pagerank,vector_propio,channel_name,category,view_count,comentarios_recibidos,sent_medio
video::n8iP75gIpmw,video,Qué rico come tu diputado,1,1,128,161,0.3855,0.5657,0.3046,0.16729,0.707,Quorum,News & Politics,11775,161.0,-0.6708551856489586
video::j43HgwYFKfk,video,La cooptación de Walter Mazariegos en la USAC,2,1,49,50,0.1476,0.22747,0.2214,0.06319,0.01046,Quorum,News & Politics,10156,50.0,-0.3421517558116466
video::6W4u8sGEnGM,video,Inician los trabajos de recuperación del Puente Belice II.,4,1,32,45,0.0964,0.18762,0.1583,0.04259,4e-05,Gobierno de la República de Guatemala,Entertainment,11670,45.0,-0.1085822963466247
video::lj983NWyAQY,video,Plan 2032 Ciudad de Guatemala,5,2,25,25,0.0753,0.00491,0.0714,0.03427,0.0,Municipalidad de Guatemala,News & Politics,304089,25.0,0.609418144999072
video::OkXlHx0hx-8,video,EE.UU. envía a mexicanos deportados a Guatemala antes de su…,6,3,18,25,0.0542,0.00251,0.0514,0.02511,0.0,Noticias Telemundo,News & Politics,14200,25.0,-0.4730978589039296
video::PjmxCj-a9Hg,video,Conferencia de Prensa del Gobierno de Guatemala. #LaRondaGt,7,1,19,25,0.0572,0.24403,0.2157,0.0249,0.00661,Gobierno de la República de Guatemala,Entertainment,3628,25.0,-0.4223267150484025
video::yLZS3JiEBg8,video,Arroz con pollo a la MONOPOLIO,3,1,16,16,0.0482,0.06367,0.1456,0.02045,4e-05,Quorum,News & Politics,1954,16.0,-0.23566478485008702
video::06mFNPU0aB8,video,Capturan a presuntos delincuentes disfrazados de mujer seña…,8,1,13,14,0.0392,0.05472,0.117,0.01751,0.0,Noti7,News & Politics,6692,14.0,-0.17652684789417045
video::ndAZjHqzzT8,video,Internet: escoger el menos malo,3,1,10,12,0.0301,0.12829,0.2114,0.01328,0.003,Quorum,News & Politics,717,12.0,0.0019791701536936066
video::is3Mk5oC19g,video,Capturan a ladrón que había quedado grabado mientras robaba…,10,1,7,7,0.0211,0.02765,0.146,0.00986,4e-05,TN23 Guatemala,News & Politics,4616,7.0,-0.6218193894518274
video::b_Hkrkl3adA,video,Bloqueos en Guatemala este 31 de agosto por alza en combust…,9,1,7,7,0.0211,0.02765,0.178,0.00961,0.00285,PrensaLibreOficial,News & Politics,5469,7.0,-0.7589701656252146
video::WIUZtitfLRw,video,Caminar en una ciudad hecha para carros,3,1,6,6,0.0181,0.02309,0.1438,0.00806,2e-05,Quorum,News & Politics,422,6.0,-0.5598447892116383
video::TT4qJ5FXHYE,video,"I’x K’at: el primer equipo guatemalteco de pelota maya, con…",11,4,4,4,0.012,0.0001,0.0114,0.00678,0.0,Quorum,News & Politics,1075,4.0,0.4665697691962123
author::UCi2KiZq63sRq8Mfbcp-MelQ,autor,@eugeneramirez4405,6,3,1,6,0.0526,0.0,0.0264,0.00555,0.0,,,,,-0.481
video::JkpVO1hx2f8,video,10 Preguntas a un año del Paro Nacional,12,5,3,3,0.009,5e-05,0.0086,0.00547,0.0,Quorum,News & Politics,673,3.0,0.15734617101649442
author::UCyJhqmMbsvjpoarBBStA2kg,autor,@Murmullodelbarrio,4,1,1,6,0.0526,0.0,0.1326,0.00525,2e-05,,,,,-0.314
author::UC5H8ASmMC9WrURmzeB4ySog,autor,@ManuelEdran,1,1,1,5,0.0526,0.0,0.2219,0.00484,0.22133,,,,,-0.025
author::UCvcu1kR8xMYy_I1Ty-2mV2Q,autor,@hashojea7348,3,1,3,4,0.1579,0.05971,0.1732,0.00454,0.00038,,,,,0.46
author::UCV3fr-YOixFKCZBbJP1-X4w,autor,@albertoshernandez5251,4,1,1,5,0.0526,0.0,0.1326,0.00445,1e-05,,,,,0.389
video::3Nfp9h5avBI,video,"Noticiero en Directo 1 pm, 28 de Agosto de 2026",13,6,2,2,0.006,2e-05,0.0057,0.00416,0.0,Noticiero Guatevisión 13 Hrs.,News & Politics,573,2.0,-0.5193295222707093
author::UC9vMq1YF-e7C-VO0SHkbUTA,autor,@ErvinLeonardoCarreraLatín,1,1,1,4,0.0526,0.0,0.2219,0.00396,0.17706,,,,,-0.85
author::UCylqlpsh8ENNM1LqgQ1KbxA,autor,@Jel.Awesh.M,2,1,2,3,0.1053,0.08915,0.2479,0.00346,0.04558,,,,,-0.673
author::UCpsKOkt5iWTbenzeuq7dsmQ,autor,@inge_vergueta,3,1,3,3,0.1579,0.21808,0.2655,0.00332,0.04511,,,,,-0.048
author::UC72gBAtyb_VXQlYDcFrh6oQ,autor,@osmanmorales3012,1,1,1,3,0.0526,0.0,0.2219,0.00308,0.1328,,,,,-0.751
author::UCFjudnPLoaSL1BaRuLahyHg,autor,@HaroldoCastillo-rh9iw,1,1,1,3,0.0526,0.0,0.2219,0.00308,0.1328,,,,,-0.299
author::UChs3tU2BcKOT0CezykvAsGw,autor,@byronpontaza,1,1,1,3,0.0526,0.0,0.2219,0.00308,0.1328,,,,,-0.401
author::UCh5ESQvtzyHDhCA7XyekCFA,autor,@andyB5280,1,1,1,3,0.0526,0.0,0.2219,0.00308,0.1328,,,,,-0.865
author::UC3XTwHxygNCgjndsg-UiCQA,autor,@marioajset4283,1,1,1,3,0.0526,0.0,0.2219,0.00308,0.1328,,,,,-0.954
author::UCHTGCgY2l-DQJIvlA_cpa_Q,autor,@virgiliogarcia3039,1,1,2,3,0.1053,0.23158,0.2528,0.00304,0.08895,,,,,-0.857
author::UCg3eIfd7BrsLEqS0BLkftHA,autor,@ErmePérez-q4s,7,1,1,3,0.0526,0.0,0.1706,0.00297,0.00124,,,,,-0.658
author::UCNIeXbV_mEwpa412h1aqUWw,autor,@juandeleon9060,7,1,1,3,0.0526,0.0,0.1706,0.00297,0.00124,,,,,-0.124
author::UC6xI_MOaxajIWpoP8BH6E_Q,autor,@jahirdiaz5862,14,7,1,1,0.0526,0.0,0.0029,0.00285,0.0,,,,,0.718
author::UCQM2tCKRRytVDRxNUfCDqQQ,autor,@elioelias7267,16,9,1,1,0.0526,0.0,0.0029,0.00285,0.0,,,,,0.524
author::UCPLW0HE3siElqCgXfgWxMqg,autor,@elizabethmonterroso7719,15,8,1,1,0.0526,0.0,0.0029,0.00285,0.0,,,,,-0.888
video::X_FAIef8qlE,video,Cruzando la ciudad a puro Transmetro,15,8,1,1,0.003,0.0,0.0029,0.00285,0.0,Quorum,News & Politics,1140,1.0,-0.888206748990342
video::zweosulrwA8,video,Edén por Salud: empleo inclusivo para personas con discapac…,16,9,1,1,0.003,0.0,0.0029,0.00285,0.0,Quorum,Nonprofits & Activism,52,1.0,0.5236745104193687
video::UhL9y3KUl8E,video,SHAI WA: la vecina queer de Casa Presidencial,17,10,1,1,0.003,0.0,0.0029,0.00285,0.0,Quorum,News & Politics,1755,1.0,0.9715507568325847
video::s0eco-BofOs,video,¿Quiénes pagan más en Centroamérica?,14,7,1,1,0.003,0.0,0.0029,0.00285,0.0,Quorum,News & Politics,220,1.0,0.7178555652499199
author::UC_NRVt2UP88ZNTwzrZ66JSg,autor,@aditalissethevasquezrojas8039,17,10,1,1,0.0526,0.0,0.0029,0.00285,0.0,,,,,0.972
author::UCdFlugHJJa4l3YqWuNRmvXw,autor,@MarcosCarillo-b1r,10,1,2,2,0.1053,0.03186,0.1761,0.0027,0.00066,,,,,-0.828
author::UCAxvOOHQk7dYPOajzFEVtbA,autor,@ruddydepaz322,8,1,1,2,0.0526,0.0,0.1023,0.00255,0.0,,,,,-0.116
author::UCsUCN0Yq_UyTvKjOJLmNrnQ,autor,@moisesvaldez4043,9,1,2,2,0.1053,0.03186,0.2249,0.00248,0.04444,,,,,-0.846
author::UCbrtvygfRT6QXqWDNrOf-cA,autor,@Alejandro00710,3,1,2,2,0.1053,0.0323,0.1717,0.00245,0.00019,,,,,-0.98
author::UCVC2QugcI1G4RvlCiUqd1aQ,autor,@rwdm76,3,1,1,2,0.0526,0.0,0.1679,0.00231,0.00038,,,,,0.115
author::UCjZgFEowMBrsjodqfovzdKw,autor,@franciscoflores3120,8,1,2,2,0.1053,0.0579,0.1346,0.00229,0.0,,,,,0.099
author::UCLFdHr9BEbXHkoJopbEPLZw,autor,@kanterra4584,1,1,1,2,0.0526,0.0,0.2219,0.00219,0.08853,,,,,-0.795
author::UCz3gu01bmjNv0DpRq-K3XYg,autor,@eusebiovasquez4385,1,1,1,2,0.0526,0.0,0.2219,0.00219,0.08853,,,,,-0.768
author::UCwW2OFy95P7ZBkOPxWkpvYg,autor,@TeresaLucero-b5o,1,1,1,2,0.0526,0.0,0.2219,0.00219,0.08853,,,,,-0.442
author::UCut6b9S98nv84cVX89PmKzA,autor,@yeniferaguirre4498,1,1,1,2,0.0526,0.0,0.2219,0.00219,0.08853,,,,,-0.93
author::UCHhHUjaMAZ8SiXdCUCj9DkQ,autor,@fredymendez1786,1,1,1,2,0.0526,0.0,0.2219,0.00219,0.08853,,,,,-0.775
author::UCJxJC56BSAX-ArD0NAb9qnQ,autor,@alfonsowilian9157,13,6,1,1,0.0526,0.0,0.0038,0.00219,0.0,,,,,-0.084
author::UCL13XhnRzbGokEkCkEOb0-g,autor,@raquelprado3643,1,1,1,2,0.0526,0.0,0.2219,0.00219,0.08853,,,,,-0.907
author::UCXXh7yg5KUFIWylTiKVEFKQ,autor,@MrDuenderojo,1,1,1,2,0.0526,0.0,0.2219,0.00219,0.08853,,,,,-0.753
author::UCLggDc_a5HriXv7I1h02sOA,autor,@guillermogonzalez5153,1,1,1,2,0.0526,0.0,0.2219,0.00219,0.08853,,,,,-0.398
author::UCNBnKqWf4d-rS4HwJRQljmQ,autor,@LE_A22,1,1,1,2,0.0526,0.0,0.2219,0.00219,0.08853,,,,,-0.934
author::UCrJn_rbo_ENAdeqneS-RmRw,autor,@josecarrera9623,1,1,1,2,0.0526,0.0,0.2219,0.00219,0.08853,,,,,-0.949
author::UCkd9W714-947dEE6ZOEBATA,autor,@ARGELIATELON,1,1,1,2,0.0526,0.0,0.2219,0.00219,0.08853,,,,,-0.933
author::UCi1b_TRQfgO1Z9O2gNGGWNA,autor,@davidisraelesquitsaquil,1,1,1,2,0.0526,0.0,0.2219,0.00219,0.08853,,,,,-0.791
author::UCQ_-LPP8JAbfkc-b1Q6NvWw,autor,@MegaKristenstewart,1,1,1,2,0.0526,0.0,0.2219,0.00219,0.08853,,,,,-0.956
author::UCQtICyzWmhC5woCtbNgaSmg,autor,@nestormendez6216,1,1,1,2,0.0526,0.0,0.2219,0.00219,0.08853,,,,,-0.642
author::UCOLGv5Pf6BF2wFcwUzgcvHg,autor,@welfrealdana5559,1,1,1,2,0.0526,0.0,0.2219,0.00219,0.08853,,,,,-0.862
author::UCyor0Mmm0ivLX2jIdyGp84Q,autor,@MiguelJordan-n3g,13,6,1,1,0.0526,0.0,0.0038,0.00219,0.0,,,,,-0.955
author::UC-QOpE7GOxlXcHZ8b7HbQKA,autor,@mariaalexander427,6,3,1,2,0.0526,0.0,0.0264,0.00213,0.0,,,,,-0.742
author::UCBlm80VQ4YoV3bUJR_XhkaQ,autor,@rosadiaz6945,6,3,1,2,0.0526,0.0,0.0264,0.00213,0.0,,,,,-0.343
author::UC7IMsCxfZyWN7YQo8-JYa6Q,autor,@Burgos68,7,1,1,2,0.0526,0.0,0.1706,0.00212,0.00083,,,,,-0.004
author::UCtNyHmRZtvGF2hSvI2dUBWw,autor,@aureliomaldonado4793,7,1,1,2,0.0526,0.0,0.1706,0.00212,0.00083,,,,,-0.485
author::UCzZ6dDCEsLMXbc5pCFXIprw,autor,@josegil3813,7,1,2,2,0.1053,0.17683,0.1827,0.00208,0.00042,,,,,-0.082
author::UCp29O_C7cchZV8IxV7Crdag,autor,@robertoescobar5507,4,1,1,2,0.0526,0.0,0.1326,0.00204,1e-05,,,,,0.368
author::UCoGdCoJg2Lh0OX_jv6cG16g,autor,@Israel-u5i7i,4,1,1,2,0.0526,0.0,0.1326,0.00204,1e-05,,,,,0.252
author::UCWaRixDdpgllTBf4V0jPnKQ,autor,@hectormaaz5523,4,1,1,2,0.0526,0.0,0.1326,0.00204,1e-05,,,,,-0.88
author::UCtCtts20bW6F9CSohau51Iw,autor,@carlosgranados9875,4,1,1,2,0.0526,0.0,0.1326,0.00204,1e-05,,,,,-0.378
author::UCHGd14aYuZZShLD73dkk6mg,autor,@noemiherrera3152,12,5,1,1,0.0526,0.0,0.0051,0.00198,0.0,,,,,0.715
author::UCWWkebAekppaL5b5CNlppuw,autor,@ninettmartinez425,12,5,1,1,0.0526,0.0,0.0051,0.00198,0.0,,,,,0.47
author::UCQIdKuZ-OzuFqy0KjGrgesg,autor,@lyacausa,12,5,1,1,0.0526,0.0,0.0051,0.00198,0.0,,,,,-0.713
author::UCld2stqxaVSk0QdGncM224A,autor,@sarahernandez3873,11,4,1,1,0.0526,0.0,0.0065,0.00187,0.0,,,,,0.965
author::UCNiMNUJvaRJb0_QLClqwVnA,autor,@Santiago.Nolasco,11,4,1,1,0.0526,0.0,0.0065,0.00187,0.0,,,,,0.914
author::UCtowGNY2lnlg6O2CkwDgkLg,autor,@taniagabrielacelis8434,11,4,1,1,0.0526,0.0,0.0065,0.00187,0.0,,,,,0.958
author::UCKVzDUqbtdSMBcexaEtMmzQ,autor,@rotorairgroup8409,11,4,1,1,0.0526,0.0,0.0065,0.00187,0.0,,,,,-0.971
author::UCBtB5dIyx-C16UN8ClUD2UA,autor,@alexmonzon4257,10,1,1,1,0.0526,0.0,0.1238,0.00162,0.0,,,,,-0.552
author::UCfRqgt2O-vjzUDMZY_tnxQw,autor,@Williams-Garcia67E,10,1,1,1,0.0526,0.0,0.1238,0.00162,0.0,,,,,-0.713
author::UCFFrEmn6lPYiWyElpfzTy5Q,autor,@denilsonlopez4083,10,1,1,1,0.0526,0.0,0.1238,0.00162,0.0,,,,,-0.86
author::UC4kg7zuTfqQKLd2bkZrSYBA,autor,@zoilagarcia9019,10,1,1,1,0.0526,0.0,0.1238,0.00162,0.0,,,,,-0.774
author::UCk4O-J1BhoqPmig1KLGJePA,autor,@lazarobarillas3575,10,1,1,1,0.0526,0.0,0.1238,0.00162,0.0,,,,,-0.545
author::UCLh1Kde4_vI1sTZBkTNP7RQ,autor,@JoelReynoso-d4r,10,1,1,1,0.0526,0.0,0.1238,0.00162,0.0,,,,,-0.015
author::UC3iIU62XKUOWuqL8BqBzj9A,autor,@antonioduarte2288,9,1,1,1,0.0526,0.0,0.1461,0.00159,0.00018,,,,,-0.893
author::UCIp19h9igblA2YKfSLPDAug,autor,@JoseReyes-rn6sh,5,2,1,1,0.0526,0.0,0.0364,0.00159,0.0,,,,,0.561
author::UC_ljZ1hZXR9pzexFz87P5ZA,autor,@ChRiStOpHeR7969,5,2,1,1,0.0526,0.0,0.0364,0.00159,0.0,,,,,-0.782
author::UC5PrBbmUlQolwqmiru7yZhw,autor,@lazarochavez8269,9,1,1,1,0.0526,0.0,0.1461,0.00159,0.00018,,,,,-0.773
author::UCgLrWFdYitoP-b7-PxtUr-w,autor,@zetag,5,2,1,1,0.0526,0.0,0.0364,0.00159,0.0,,,,,0.073
author::UCgLurCo-e019HGODcjXHWCw,autor,@perritojuega1,5,2,1,1,0.0526,0.0,0.0364,0.00159,0.0,,,,,0.007
author::UC5PyGvSfFM--OVKmQ3COu6g,autor,@FreddyGmez,5,2,1,1,0.0526,0.0,0.0364,0.00159,0.0,,,,,0.872
author::UCY7Hq7F9Lnucf-Yr6JkHZNw,autor,@maynorcalel1442,5,2,1,1,0.0526,0.0,0.0364,0.00159,0.0,,,,,0.028
author::UCRcSR3Lvn9DZAmJpVPANfZQ,autor,@WalksandSuch,5,2,1,1,0.0526,0.0,0.0364,0.00159,0.0,,,,,0.964
author::UCyzf29IYjNw67gGIfsjgtxA,autor,@carlosoliva9249,5,2,1,1,0.0526,0.0,0.0364,0.00159,0.0,,,,,0.793
author::UCXmrpc6Li0spcKxtS0Q_ptg,autor,@melvinperez6710,5,2,1,1,0.0526,0.0,0.0364,0.00159,0.0,,,,,0.847
author::UCtMBF_1O2jY2INlb_luuB_A,autor,@mynorgudiel8646,5,2,1,1,0.0526,0.0,0.0364,0.00159,0.0,,,,,0.617
author::UCi-vPdnpQreC7BkFs40mJGA,autor,@bryansicasales4280,5,2,1,1,0.0526,0.0,0.0364,0.00159,0.0,,,,,0.976
author::UCs_5qeqdku9tGAq22y3OcuQ,autor,@alexandrevasquez4135,5,2,1,1,0.0526,0.0,0.0364,0.00159,0.0,,,,,0.971
author::UC0RpuMwkDKJYqgKHtsJRuWQ,autor,@sabinamarinaguerra3248,5,2,1,1,0.0526,0.0,0.0364,0.00159,0.0,,,,,0.972
author::UCqilIa8r7iek5sGYg_q6ofA,autor,@rolandojuchuna484,5,2,1,1,0.0526,0.0,0.0364,0.00159,0.0,,,,,0.84
author::UC5fvhAfm89JH8eDFdvc0xYw,autor,@isaidiaz2388,5,2,1,1,0.0526,0.0,0.0364,0.00159,0.0,,,,,0.471
author::UC0aEyakBPqcBkVJiErfSupQ,autor,@jhonymanuel9891,5,2,1,1,0.0526,0.0,0.0364,0.00159,0.0,,,,,0.867
author::UC094EFEmMSdwVa8NQjjYBXg,autor,@CelestinoQuej-j7k,9,1,1,1,0.0526,0.0,0.1461,0.00159,0.00018,,,,,-0.157
author::UCxKR3RA8T-kxMgq_2WWhRcQ,autor,@elenaluarca9377,5,2,1,1,0.0526,0.0,0.0364,0.00159,0.0,,,,,0.973
author::UCIUhbSCy3-SGRe5UtqM4fzQ,autor,@jeanmorales1677,5,2,1,1,0.0526,0.0,0.0364,0.00159,0.0,,,,,-0.931
author::UCGqKxQS-z3NZzZF-2w338AA,autor,@samuelaguilar529,5,2,1,1,0.0526,0.0,0.0364,0.00159,0.0,,,,,0.901
author::UCFOxCyF926Y9eHhMeVoWLzw,autor,@arielsarc09,5,2,1,1,0.0526,0.0,0.0364,0.00159,0.0,,,,,0.926
author::UCwUAv3_LpWVtTIi7lkmTL7A,autor,@kingr4706,5,2,1,1,0.0526,0.0,0.0364,0.00159,0.0,,,,,0.628
author::UCSTAUWVc1_82DHYeqOsqEFA,autor,@TheAlexX_C,5,2,1,1,0.0526,0.0,0.0364,0.00159,0.0,,,,,0.941
author::UCHu8x4MVkayU6VgwVKd--MQ,autor,@Hernandez-i1o,9,1,1,1,0.0526,0.0,0.1461,0.00159,0.00018,,,,,-0.968
author::UCGm3gRBEHGRJYmtCryZLtDw,autor,@JoséLopez-g6k,9,1,1,1,0.0526,0.0,0.1461,0.00159,0.00018,,,,,-0.819
author::UCRznz9-N3Qc1w-qNdLSIY2Q,autor,@jimmygomez724,5,2,1,1,0.0526,0.0,0.0364,0.00159,0.0,,,,,0.915
author::UCaT6M2zp7X6r6Whd8Vv3kHQ,autor,@alexarcos8349,5,2,1,1,0.0526,0.0,0.0364,0.00159,0.0,,,,,0.851
author::UCHMQ_lDhibZ-XZ_3fo6oxwg,autor,@crislexrubi4387,5,2,1,1,0.0526,0.0,0.0364,0.00159,0.0,,,,,0.955
author::UC9Wp6vL5oCU37qC3Aj94WZA,autor,@ManuelSanchez-b8q2z,9,1,1,1,0.0526,0.0,0.1461,0.00159,0.00018,,,,,-0.949
author::UCyW68EGZey4ao_Vf2cR5Ztg,autor,@ZabalaXabier,3,1,1,1,0.0526,0.0,0.1223,0.00157,0.0,,,,,-0.95
author::UCVhif9eV0f8plICen2DnpKA,autor,@blogarteplus,3,1,1,1,0.0526,0.0,0.1223,0.00157,0.0,,,,,0.3
author::UCGj2v6Gl5bN8NSrzJMXS-CA,autor,@juliogutierrez492,3,1,1,1,0.0526,0.0,0.1223,0.00157,0.0,,,,,-0.973
author::UCOARn3hnfkB7-_Rwa8Hoqcw,autor,@nicelol5241,3,1,1,1,0.0526,0.0,0.1223,0.00157,0.0,,,,,-0.98
author::UCZIQnb1fkwe39Iw2TAu-bGA,autor,@jorgegomez2237,3,1,1,1,0.0526,0.0,0.1223,0.00157,0.0,,,,,-0.913
author::UCXl30Y_upRqbti52fmjK4YA,autor,@capitanfrans,3,1,1,1,0.0526,0.0,0.1236,0.00151,0.0,,,,,0.567
author::UCXO1BBohNWXkK9SBDAG2ySg,autor,@JBFlute92,3,1,1,1,0.0526,0.0,0.1236,0.00151,0.0,,,,,0.944
author::UCXVLc8CmAO813ubM-fLvCDw,autor,@herminiasaquimux7565,3,1,1,1,0.0526,0.0,0.1236,0.00151,0.0,,,,,-0.956
author::UCCUmP4PlbwgikVFpYwbtRTg,autor,@alhvi,3,1,1,1,0.0526,0.0,0.1236,0.00151,0.0,,,,,0.92
author::UCefAH1MbvADWUjE9WVcB9EQ,autor,@jabriz8152,3,1,1,1,0.0526,0.0,0.1236,0.00151,0.0,,,,,-0.977
author::UCwEe1RKlEv1UpNWmWYfSh4w,autor,@marioramirez299,3,1,1,1,0.0526,0.0,0.1236,0.00151,0.0,,,,,-0.897
author::UCOY3XpD9qMCRSA8AA8c4CAw,autor,@franciscorodas9686,3,1,1,1,0.0526,0.0,0.1236,0.00151,0.0,,,,,0.937
author::UCTTILH6QCIxbTnEWxwRqs1g,autor,@3762Jorge,3,1,1,1,0.0526,0.0,0.1236,0.00151,0.0,,,,,-0.023
author::UCdQAuWwyC99MB7Y02Umj26Q,autor,@miguelbran1268,3,1,1,1,0.0526,0.0,0.1236,0.00151,0.0,,,,,-0.8
author::UChT7pzGytNd92Nmvi-zuWog,autor,@sparkvalkov,3,1,1,1,0.0526,0.0,0.1236,0.00151,0.0,,,,,0.239
author::UCkxdJ_yGN2gghOMo2ybQtXQ,autor,@11223344An,3,1,1,1,0.0526,0.0,0.1236,0.00151,0.0,,,,,-0.904
author::UCxcoDvP-g2_KTZDmVZtvb3w,autor,@angelmartinez9523,3,1,1,1,0.0526,0.0,0.1236,0.00151,0.0,,,,,-0.93
author::UCc_F88PzGWtA1OPNUEASulA,autor,@rockyscarlet,3,1,1,1,0.0526,0.0,0.1236,0.00151,0.0,,,,,-0.926
author::UCcFIBN-rtC3d3hXeuN5TfWw,autor,@DenisRMC,3,1,1,1,0.0526,0.0,0.1236,0.00151,0.0,,,,,-0.943
author::UC5hvEnRUzI4Kfvwnyi4QxqQ,autor,@leonelsantizo5281,2,1,1,1,0.0526,0.0,0.1742,0.0015,0.00065,,,,,0.727
author::UCW80DaMjQlEUibC98Cot-Dg,autor,@rogeraldana4289,2,1,1,1,0.0526,0.0,0.1742,0.0015,0.00065,,,,,-0.977
author::UClqA491Xa5fQcXcJJa-vTWw,autor,@AndresLemus-k2d,2,1,1,1,0.0526,0.0,0.1742,0.0015,0.00065,,,,,-0.956
author::UCW-JC6lebVmf2P1dmY_L94g,autor,@dinoraoroxon5771,2,1,1,1,0.0526,0.0,0.1742,0.0015,0.00065,,,,,0.881
author::UColMq7LmaoY3MT6aIDGrGvA,autor,@quijotachapina1,2,1,1,1,0.0526,0.0,0.1742,0.0015,0.00065,,,,,-0.965
author::UCUoYsrx1oZnCZ0usbBJn4fA,autor,@AnaDiaz-re9sq,2,1,1,1,0.0526,0.0,0.1742,0.0015,0.00065,,,,,-0.905
author::UC3UVO7pTbeYvZ3ILEyRDskQ,autor,@rosaelenaargueta79,2,1,1,1,0.0526,0.0,0.1742,0.0015,0.00065,,,,,-0.538
author::UCWoAVGVqCn4xtINCMOTM4jg,autor,@OmarMartinez-vv8re,2,1,1,1,0.0526,0.0,0.1742,0.0015,0.00065,,,,,-0.979
author::UClhMWQ7XKWywYvbRnuf8QsA,autor,@EcPerez-zz9oh,2,1,1,1,0.0526,0.0,0.1742,0.0015,0.00065,,,,,-0.172
author::UC32oozucwCF3q8d4m8fyOUg,autor,@RauldejesusOlivagonzalez,2,1,1,1,0.0526,0.0,0.1742,0.0015,0.00065,,,,,-0.869
author::UCgQw_Sbq3ugruDUKsq1e0-A,autor,@marlenareano-h4t,2,1,1,1,0.0526,0.0,0.1742,0.0015,0.00065,,,,,-0.975
author::UCkbsS_3D-pvg1iHOld9uvIg,autor,@gonzalo6075,2,1,1,1,0.0526,0.0,0.1742,0.0015,0.00065,,,,,-0.671
author::UCkVtmkK07b2zaVVNssX4lOg,autor,@HectorElias-u2l,2,1,1,1,0.0526,0.0,0.1742,0.0015,0.00065,,,,,-0.965
author::UCZeIIQrGAedW8tCbKWmGY-A,autor,@mariocordon8873,2,1,1,1,0.0526,0.0,0.1742,0.0015,0.00065,,,,,-0.935
author::UC_LYoGs5C3mbZKZuKuqYCvw,autor,@javiercifuentesarchila6041,2,1,1,1,0.0526,0.0,0.1742,0.0015,0.00065,,,,,0.693
author::UCaKAjTW9MVub_clgr4DRYjQ,autor,@josecastillo4390,2,1,1,1,0.0526,0.0,0.1742,0.0015,0.00065,,,,,0.737
author::UCgJNFj5dnxXpcMvmuhZDPxA,autor,@NataliaRodriguez-rx5mr,2,1,1,1,0.0526,0.0,0.1742,0.0015,0.00065,,,,,0.905
author::UC4Avya4kmR4Q0FrfFdBozSQ,autor,@davidlima1348,2,1,1,1,0.0526,0.0,0.1742,0.0015,0.00065,,,,,-0.224
author::UCe8JZoYkX5oKUZyivHYdXhw,autor,@FernandoGarcia-jg1fj,2,1,1,1,0.0526,0.0,0.1742,0.0015,0.00065,,,,,-0.947
author::UCeDNEtI8_a42bZ47wJiJMwQ,autor,@EdgarcalderonCalderong,2,1,1,1,0.0526,0.0,0.1742,0.0015,0.00065,,,,,-0.35
author::UCiC-Jn7wdgyQV4_Urk0DkWQ,autor,@pedroros6358,2,1,1,1,0.0526,0.0,0.1742,0.0015,0.00065,,,,,-0.077
author::UCV0lM03g5fg5pbPj97-sAtA,autor,@genarodelgado3929,2,1,1,1,0.0526,0.0,0.1742,0.0015,0.00065,,,,,0.788
author::UC1DpqK6vaPEkBOMNvypsKYg,autor,@HectorCarranza-u4j4o,2,1,1,1,0.0526,0.0,0.1742,0.0015,0.00065,,,,,-0.911
author::UCQyOePccUP-fIJYzchAgZYw,autor,@aguilar4254,2,1,1,1,0.0526,0.0,0.1742,0.0015,0.00065,,,,,-0.933
author::UCuXmOjxC-htcprLgeVXz6Tg,autor,@jorgeaguilar-bq3uj,2,1,1,1,0.0526,0.0,0.1742,0.0015,0.00065,,,,,-0.805
author::UC7dadZG7kkGYnsNu6td0FbA,autor,@lesolorzano,2,1,1,1,0.0526,0.0,0.1742,0.0015,0.00065,,,,,-0.732
author::UC816IGbFCZinfYS1LRDaaHg,autor,@ingenieroar,2,1,1,1,0.0526,0.0,0.1742,0.0015,0.00065,,,,,-0.015
author::UCwgCc9Jd_gG-uLE_SY-FfPg,autor,@armindapenados2841,2,1,1,1,0.0526,0.0,0.1742,0.0015,0.00065,,,,,-0.863
author::UCOcUI5XkTYNMSFhZNMIPpGg,autor,@hendersonlopez3864,2,1,1,1,0.0526,0.0,0.1742,0.0015,0.00065,,,,,-0.973
author::UCAKuKvcbfnBD3kF5njNu-IA,autor,@melvinlopez7096,2,1,1,1,0.0526,0.0,0.1742,0.0015,0.00065,,,,,0.899
author::UCDrmf9y9nLgFY5wnA2hTuGA,autor,@laboratorio5528,2,1,1,1,0.0526,0.0,0.1742,0.0015,0.00065,,,,,0.368
author::UCsGoJEvb-cFPZ2rWoJcXzEQ,autor,@sergiohinestroza9709,2,1,1,1,0.0526,0.0,0.1742,0.0015,0.00065,,,,,0.956
author::UCu8_3-Wg-YzNyvHYQDEscfw,autor,@RolandoCastroPérez-d7y,2,1,1,1,0.0526,0.0,0.1742,0.0015,0.00065,,,,,-0.919
author::UC6Uj1FT5JjDSF8vudvDxPAA,autor,@alfredoortega9264,2,1,1,1,0.0526,0.0,0.1742,0.0015,0.00065,,,,,0.638
author::UCwjUvRseNtJoItylIyIez7Q,autor,@Silviazea,2,1,1,1,0.0526,0.0,0.1742,0.0015,0.00065,,,,,-0.832
author::UCQqlPPUGqAfWjd-FSh_qn7Q,autor,@estuardoargueta137,2,1,1,1,0.0526,0.0,0.1742,0.0015,0.00065,,,,,-0.968
author::UCNpt5CQlTzNjlAKY6CJtClQ,autor,@eustaquiogomez9975,2,1,1,1,0.0526,0.0,0.1742,0.0015,0.00065,,,,,-0.282
author::UCRAquv8el-tQ30bN7MlmySQ,autor,@iamjimalesssa,2,1,1,1,0.0526,0.0,0.1742,0.0015,0.00065,,,,,-0.969
author::UCqCrvuoJpC-aVb0f4logQRQ,autor,@Lyrics_GT,2,1,1,1,0.0526,0.0,0.1742,0.0015,0.00065,,,,,-0.832
author::UC-fiZBS5Gp1eCJd9ucgWnCg,autor,@Tommii.10,2,1,1,1,0.0526,0.0,0.1742,0.0015,0.00065,,,,,-0.476
author::UC95PSMouTx2N5CbSq0hIyrQ,autor,@lisss1908,2,1,1,1,0.0526,0.0,0.1742,0.0015,0.00065,,,,,-0.214
author::UCHbwIx9pmQuf7i-4_xO2EpA,autor,@caminoseternos752,2,1,1,1,0.0526,0.0,0.1742,0.0015,0.00065,,,,,0.318
author::UCGGHbtfbbe0o68etrOf0qxw,autor,@karensussetteleonvargas9794,2,1,1,1,0.0526,0.0,0.1742,0.0015,0.00065,,,,,0.937
author::UCRvPToDkkumha7WJAfCDk1A,autor,@ligiaguerra3057,2,1,1,1,0.0526,0.0,0.1742,0.0015,0.00065,,,,,-0.82
author::UCCBYcToQ2dwkd6TJh0FSyDg,autor,@lidiarodriguez3493,2,1,1,1,0.0526,0.0,0.1742,0.0015,0.00065,,,,,-0.378
author::UCpe5jW3MIqkgTJ-PgkzvM6Q,autor,@carloslam5333,2,1,1,1,0.0526,0.0,0.1742,0.0015,0.00065,,,,,-0.684
author::UCfXykdbSU97rj987LDUGfvg,autor,@MariaSantos-c8y3h,8,1,1,1,0.0526,0.0,0.1023,0.00149,0.0,,,,,-0.918
author::UCwCfs-2zbD5k0lG-UVg_JBw,autor,@JessicaHuaz-96,8,1,1,1,0.0526,0.0,0.1023,0.00149,0.0,,,,,0.483
author::UCIXLDYqR_syskKRJy_x9W9Q,autor,@carlitosramirez4739,8,1,1,1,0.0526,0.0,0.1023,0.00149,0.0,,,,,-0.194
author::UCLXYp1Cvc5DLtq5UQL5D9vw,autor,@jorgecifuentes-m5g,8,1,1,1,0.0526,0.0,0.1023,0.00149,0.0,,,,,-0.063
author::UCvl1tzQeBeGy6efPTRJXSCw,autor,@RaulPerez-cw2vi,8,1,1,1,0.0526,0.0,0.1023,0.00149,0.0,,,,,-0.959
author::UC_3xuTXvMIWU5MYP9HkJ3vQ,autor,@Historia-wm4os,8,1,1,1,0.0526,0.0,0.1023,0.00149,0.0,,,,,0.961
author::UCO0zwwLWGyDgQmWPJ5Qrr1w,autor,@elsalvador3605,8,1,1,1,0.0526,0.0,0.1023,0.00149,0.0,,,,,-0.908
author::UCfjhejO7LZy4doXURa7LZCQ,autor,@HonwayLee-z5g,8,1,1,1,0.0526,0.0,0.1023,0.00149,0.0,,,,,-0.108
author::UC2ngpd8UBQu4gcUYy0goAtg,autor,@juliohernandez7438,8,1,1,1,0.0526,0.0,0.1023,0.00149,0.0,,,,,-0.827
author::UCXN2s7DwTJm33xO-pNkAdaA,autor,@edithsan7688,8,1,1,1,0.0526,0.0,0.1023,0.00149,0.0,,,,,0.41
author::UCq3mDTTRZnUybct5M9OSXbg,autor,@MacoMorales-i2i2d,8,1,1,1,0.0526,0.0,0.1023,0.00149,0.0,,,,,-0.33
author::UCZOmq6MwFDVoCaEl99BRRaw,autor,@daniloarevalo3170,3,1,1,1,0.0526,0.0,0.1679,0.00137,0.00019,,,,,-0.909
author::UCnU8wO1OurAmGstDw6VGjgQ,autor,@cmorera21,3,1,1,1,0.0526,0.0,0.1679,0.00137,0.00019,,,,,0.324
author::UCjJf-AJKRFFWtiN-CSwkDmA,autor,@2jose82,3,1,1,1,0.0526,0.0,0.1679,0.00137,0.00019,,,,,-0.872
author::UC_6KbBY1bsYXz9fwFS0eQRg,autor,@imrcp5694,3,1,1,1,0.0526,0.0,0.1679,0.00137,0.00019,,,,,0.946
author::UC5wuDq3U3vRAhOQI3D7gNdw,autor,@allanreneramirezgonzalez534,3,1,1,1,0.0526,0.0,0.1679,0.00137,0.00019,,,,,0.817
author::UCJp3OrVYcBorC94sKwdch_A,autor,@ULJoshmg2011,3,1,1,1,0.0526,0.0,0.1679,0.00137,0.00019,,,,,-0.965
author::UCxff05WuyvwELNITi7bj7UA,autor,@markoherrera,1,1,1,1,0.0526,0.0,0.2219,0.00131,0.04427,,,,,-0.957
author::UC-pNP6RMFuLg_-x7Ah_0kEA,autor,@almacatalan2717,1,1,1,1,0.0526,0.0,0.2219,0.00131,0.04427,,,,,-0.945
author::UCySYJU5kUh7X8gVt9la2ISA,autor,@dantesarti4351,1,1,1,1,0.0526,0.0,0.2219,0.00131,0.04427,,,,,-0.785
author::UC2weSE8rpqkGMOp6StYtVfg,autor,@katerynsantiago2907,1,1,1,1,0.0526,0.0,0.2219,0.00131,0.04427,,,,,-0.976
author::UCiGRBf2RNF0WRKhRVT7zFoA,autor,@edwinavila4876,1,1,1,1,0.0526,0.0,0.2219,0.00131,0.04427,,,,,-0.954
author::UCzSfZlOVxBSs5ObD25ywxDQ,autor,@GilmarMaldonado-q9m,1,1,1,1,0.0526,0.0,0.2219,0.00131,0.04427,,,,,-0.962
author::UCwO2SXr0ggzwg6QWWrr01nQ,autor,@ricardofigueroa5720,1,1,1,1,0.0526,0.0,0.2219,0.00131,0.04427,,,,,-0.89
author::UC-jS_kA9w-OmpupXDx156Rg,autor,@simoncreyesc7579,1,1,1,1,0.0526,0.0,0.2219,0.00131,0.04427,,,,,-0.963
author::UC2Y_EHWQKevubk4vOEBBFxw,autor,@alfonsomorales2653,1,1,1,1,0.0526,0.0,0.2219,0.00131,0.04427,,,,,-0.837
author::UC-hfX8J5JPJ-dfuakzegMLA,autor,@normaleticiaorozcojuarez2418,1,1,1,1,0.0526,0.0,0.2219,0.00131,0.04427,,,,,0.574
author::UCwha8rxULYMVtNwZWeSkE1A,autor,@mariasamo8637,1,1,1,1,0.0526,0.0,0.2219,0.00131,0.04427,,,,,-0.851
author::UCiMythXHsw7eQEMykCdmMUA,autor,@JavierBecerra-h6x,1,1,1,1,0.0526,0.0,0.2219,0.00131,0.04427,,,,,0.31
author::UCp4iw5_5SmV9VGTFSNVGOmQ,autor,@CARLOSSTREMS51,1,1,1,1,0.0526,0.0,0.2219,0.00131,0.04427,,,,,-0.825
author::UCvApqeCbLod-wejtT4CcVuA,autor,@davidgaher9550,1,1,1,1,0.0526,0.0,0.2219,0.00131,0.04427,,,,,-0.958
author::UC1vr9aaMI2crB0NvwFHUeoQ,autor,@JoseSimilox-p6e,1,1,1,1,0.0526,0.0,0.2219,0.00131,0.04427,,,,,-0.971
author::UCpl8rF8uv_8uui-QRvuJaRA,autor,@SergioGarcia-z9c,1,1,1,1,0.0526,0.0,0.2219,0.00131,0.04427,,,,,0.911
author::UCplrIQtaPj6au60_f2-mOYw,autor,@romeolopezherrarte799,1,1,1,1,0.0526,0.0,0.2219,0.00131,0.04427,,,,,-0.833
author::UChep9kVb5gQmpodEEl10Xlg,autor,@carlosaguilar-kz7ml,1,1,1,1,0.0526,0.0,0.2219,0.00131,0.04427,,,,,-0.945
author::UCmvOgzmmXbjUthHy-WJ52hQ,autor,@mariorodas593,1,1,1,1,0.0526,0.0,0.2219,0.00131,0.04427,,,,,-0.778
author::UCmjppp6ujz3SAnULvP3sZMw,autor,@marcomendez7509,1,1,1,1,0.0526,0.0,0.2219,0.00131,0.04427,,,,,-0.929
author::UCzoL2l5H5eVlorWGH8AZfAg,autor,@jor77cas,1,1,1,1,0.0526,0.0,0.2219,0.00131,0.04427,,,,,-0.978
author::UCr1emrogPKkKTs_WTtx71xg,autor,@domingopeneleu6457,1,1,1,1,0.0526,0.0,0.2219,0.00131,0.04427,,,,,-0.291
author::UCljDbleJul41G1TzOjOZAVA,autor,@hectorcarranza3777,1,1,1,1,0.0526,0.0,0.2219,0.00131,0.04427,,,,,-0.964
author::UCsJJAvrVGupdmhOqgtDp8dg,autor,@nestorlorenzana1168,1,1,1,1,0.0526,0.0,0.2219,0.00131,0.04427,,,,,-0.56
author::UCsSXdJct-nsS8DsABoEsaYA,autor,@IvánPérez-j4j,1,1,1,1,0.0526,0.0,0.2219,0.00131,0.04427,,,,,0.022
author::UCsjs5Hp_r86x1xbK6FAeqaA,autor,@alvaroesquivel563,1,1,1,1,0.0526,0.0,0.2219,0.00131,0.04427,,,,,-0.965
author::UCl0ekS9Tt0jJGtOEM18S63w,autor,@monkchapin,1,1,1,1,0.0526,0.0,0.2219,0.00131,0.04427,,,,,-0.013
author::UCtNfIBnc5S5DbbQj_yxgJTw,autor,@JosueRamirez-ey3ih,1,1,1,1,0.0526,0.0,0.2219,0.00131,0.04427,,,,,-0.331
author::UCtUR3_CAiE7fCoZHM6cMfyQ,autor,@mdelcid01,1,1,1,1,0.0526,0.0,0.2219,0.00131,0.04427,,,,,-0.867
author::UCjmPuazZJzscrwvk0QR9RVw,autor,@mynorrodas8591,1,1,1,1,0.0526,0.0,0.2219,0.00131,0.04427,,,,,-0.971
author::UCpIdtvoFHVLGASGB5ySqIEA,autor,@VidalVillatoro-p4w,1,1,1,1,0.0526,0.0,0.2219,0.00131,0.04427,,,,,-0.969
author::UCueV9cTyTDwgQSec1x2dYgA,autor,@fredydomingo7062,1,1,1,1,0.0526,0.0,0.2219,0.00131,0.04427,,,,,-0.669
author::UCujPF2nBgsTD62nWE3lcpIg,autor,@victorarturoruanobautista7588,1,1,1,1,0.0526,0.0,0.2219,0.00131,0.04427,,,,,-0.887
author::UCjSKM9j0Q7HLDr1hD6D-TUw,autor,@josehidalgo4875,1,1,1,1,0.0526,0.0,0.2219,0.00131,0.04427,,,,,-0.947
author::UCj-LL25XJnjxepPKCc3NGog,autor,@anaaguirre8985,1,1,1,1,0.0526,0.0,0.2219,0.00131,0.04427,,,,,-0.039
author::UCipetjeiWj4CZB6EbyYziZg,autor,@OseasSamayoa-ol5rz,1,1,1,1,0.0526,0.0,0.2219,0.00131,0.04427,,,,,-0.971
author::UChgkn5Jt5tWKYMoEOuCjz3Q,autor,@pablochitay46,1,1,1,1,0.0526,0.0,0.2219,0.00131,0.04427,,,,,0.767
author::UCAlzM_N6xBlMYmM8EBzX86Q,autor,@carlossoto3252,1,1,1,1,0.0526,0.0,0.2219,0.00131,0.04427,,,,,-0.928
author::UC3E9mAgP7VoAE5mZoAexl5g,autor,@EnnioAroche,1,1,1,1,0.0526,0.0,0.2219,0.00131,0.04427,,,,,-0.972
author::UCOh6DaZC_x9HASnlRylEMfw,autor,@AndresMedina-v1s,1,1,1,1,0.0526,0.0,0.2219,0.00131,0.04427,,,,,-0.833
author::UCL1MT278vSaQ83ZDkVWn1gw,autor,@elmorodriguez6978,1,1,1,1,0.0526,0.0,0.2219,0.00131,0.04427,,,,,-0.915
author::UC8G5cJONY8L9voMyBW8Eoug,autor,@luisparedes-pw6qt,1,1,1,1,0.0526,0.0,0.2219,0.00131,0.04427,,,,,-0.941
author::UC8F2V63KZ4ZEay6opX2hAQw,autor,@carmenr6311,1,1,1,1,0.0526,0.0,0.2219,0.00131,0.04427,,,,,-0.972
author::UCN6qbfPSzFtjhqUDZ3Cv3CQ,autor,@carlosmedranovelasquez6380,1,1,1,1,0.0526,0.0,0.2219,0.00131,0.04427,,,,,-0.905
author::UCNkcuy42zEwddwEcOd_HpnA,autor,@vanigomez492,1,1,1,1,0.0526,0.0,0.2219,0.00131,0.04427,,,,,-0.844
author::UC7VUuJr9cGh845CmTvf7TlQ,autor,@LuisCastillo-oz4df,1,1,1,1,0.0526,0.0,0.2219,0.00131,0.04427,,,,,-0.96
author::UCOS8ViEkccrTZx2w2ccxotA,autor,@OscarHernandez-q8y,1,1,1,1,0.0526,0.0,0.2219,0.00131,0.04427,,,,,-0.431
author::UC6YSZqL0vEcI-niPKIMUGfw,autor,@maxwellsales885,1,1,1,1,0.0526,0.0,0.2219,0.00131,0.04427,,,,,-0.982
author::UCSou6a2OuYGSvPjm5psquyA,autor,@FranciscoRivera-sf7ne,1,1,1,1,0.0526,0.0,0.2219,0.00131,0.04427,,,,,-0.92
author::UCQgYjVngJRfPHDLGB5X6ZjA,autor,@oscarnavas9996,1,1,1,1,0.0526,0.0,0.2219,0.00131,0.04427,,,,,-0.819
author::UChZknRmJkeGeQk0-mQuhDOg,autor,@OdilioRodríguez-c5w,1,1,1,1,0.0526,0.0,0.2219,0.00131,0.04427,,,,,-0.928
author::UC6PvO1_k5lHKGdAPo5_C6TA,autor,@johnmejia992,1,1,1,1,0.0526,0.0,0.2219,0.00131,0.04427,,,,,-0.936
author::UCQtSFINs1h6GHkpg9o5kMvg,autor,@MacarioMartinezruiz,1,1,1,1,0.0526,0.0,0.2219,0.00131,0.04427,,,,,0.895
author::UCRETAiYdh2dL5ZxB0_N1zDA,autor,@Joseroland21,1,1,1,1,0.0526,0.0,0.2219,0.00131,0.04427,,,,,-0.77
author::UCRelkU8JiZBytTzebJxaa-w,autor,@danyraymundo2942,1,1,1,1,0.0526,0.0,0.2219,0.00131,0.04427,,,,,-0.544
author::UC650pRT-OYzny3GwOH8Cgfw,autor,@edvinparedesherrera7632,1,1,1,1,0.0526,0.0,0.2219,0.00131,0.04427,,,,,-0.984
author::UC8r11yOugM2NuRfitQOxLLg,autor,@cesaraugustomoralesmonroy6907,1,1,1,1,0.0526,0.0,0.2219,0.00131,0.04427,,,,,-0.976
author::UCKDR0f2fu2UzWL8mBv5-BHw,autor,@mireyamorales6595,1,1,1,1,0.0526,0.0,0.2219,0.00131,0.04427,,,,,-0.934
author::UCGzXwyCzMzGmjmCbH3Hg01Q,autor,@FidelZacarias-ph7dy,1,1,1,1,0.0526,0.0,0.2219,0.00131,0.04427,,,,,-0.939
author::UC9xr9QvIcDvoZNUX5f-jaZw,autor,@MariaaliciaColonmorales,1,1,1,1,0.0526,0.0,0.2219,0.00131,0.04427,,,,,-0.556
author::UCB5p8a5gklc80jJItP6xTHg,autor,@ernestogamboa8737,1,1,1,1,0.0526,0.0,0.2219,0.00131,0.04427,,,,,-0.75
author::UCCaYwkkbQGcvFoUmothVdQQ,autor,@OsvaldoAguirre-l3i,1,1,1,1,0.0526,0.0,0.2219,0.00131,0.04427,,,,,-0.942
author::UCDIMztpVm7G27qBuiWuT6oQ,autor,@lizardomorataya8274,1,1,1,1,0.0526,0.0,0.2219,0.00131,0.04427,,,,,-0.453
author::UCDPWkUX3sNNaCx-m1dV4glA,autor,@hectoroliva949,1,1,1,1,0.0526,0.0,0.2219,0.00131,0.04427,,,,,-0.891
author::UCDQaQv0hr2SS_PO-CMEwVHg,autor,@federicosaquimux1933,1,1,1,1,0.0526,0.0,0.2219,0.00131,0.04427,,,,,-0.627
author::UCDUffaruH6dyUnUGwsTKpgg,autor,@luisletona2842,1,1,1,1,0.0526,0.0,0.2219,0.00131,0.04427,,,,,-0.802
author::UCDftMWXQoJ6nONfY7GVOVjg,autor,@luisgpacheco5858,1,1,1,1,0.0526,0.0,0.2219,0.00131,0.04427,,,,,-0.968
author::UCDlr1VadSucIZgZ171pRBjQ,autor,@cuabatzjj5924,1,1,1,1,0.0526,0.0,0.2219,0.00131,0.04427,,,,,0.022
author::UCEgEQmRbtL5fwr9_DqAC--g,autor,@ArielRodas-g5y,1,1,1,1,0.0526,0.0,0.2219,0.00131,0.04427,,,,,-0.046
author::UCErZPJpHmLCsXs8ZWkAUupQ,autor,@dorisl.garciaroche7763,1,1,1,1,0.0526,0.0,0.2219,0.00131,0.04427,,,,,-0.647
author::UCFUuDARXdmmIrLppEqf-rFg,autor,@allanmunoz7410,1,1,1,1,0.0526,0.0,0.2219,0.00131,0.04427,,,,,-0.262
author::UCFhxtoeARHPnXXPcDrOU3Xg,autor,@diegoalejandrolopezmendez205,1,1,1,1,0.0526,0.0,0.2219,0.00131,0.04427,,,,,0.541
author::UCA93ym2TXs_Ibyxb4Vcn-6Q,autor,@oswaldosolis8728,1,1,1,1,0.0526,0.0,0.2219,0.00131,0.04427,,,,,-0.939
author::UCFoIAE8k82D6AV-8gjjKaNg,autor,@eddymunoz9789,1,1,1,1,0.0526,0.0,0.2219,0.00131,0.04427,,,,,-0.889
author::UCFxE8GbokBrBsPEKM1xrOjQ,autor,@JuanDavila-qd7qj,1,1,1,1,0.0526,0.0,0.2219,0.00131,0.04427,,,,,-0.97
author::UCRlCV9zSn7avAWh-9_XFWqQ,autor,@ronyarana8849,1,1,1,1,0.0526,0.0,0.2219,0.00131,0.04427,,,,,-0.847
author::UCQqetiwzzmRNTM5OWuXarGQ,autor,@isaiaslopezvelasquez1539,1,1,1,1,0.0526,0.0,0.2219,0.00131,0.04427,,,,,-0.808
author::UCTD6q1nyIe3Y7HhqjaMj72w,autor,@JuanChang-r6k,1,1,1,1,0.0526,0.0,0.2219,0.00131,0.04427,,,,,-0.799
author::UC3qn1yJA5PeW9rkGPatQxiw,autor,@VICTOREST19,1,1,1,1,0.0526,0.0,0.2219,0.00131,0.04427,,,,,-0.326
author::UCYwpX26TrCxq8TvbKGRYLXA,autor,@beneficioelcaminovillacana8540,1,1,1,1,0.0526,0.0,0.2219,0.00131,0.04427,,,,,-0.844
author::UCZLG9qH0tUjNhEGFIUt0CYw,autor,@SoniaMarroquin-y6e,1,1,1,1,0.0526,0.0,0.2219,0.00131,0.04427,,,,,-0.234
author::UCAmtbUiIrUIhikru0ZoTFig,autor,@Aura-vf6dm,1,1,1,1,0.0526,0.0,0.2219,0.00131,0.04427,,,,,-0.874
author::UCYN4wSQ1Sx4_LurxLlW7MPg,autor,@belarminavillatoro6474,1,1,1,1,0.0526,0.0,0.2219,0.00131,0.04427,,,,,-0.951
author::UCXr8_5WtGeipe4haOoQDgyQ,autor,@amyherrera7352,1,1,1,1,0.0526,0.0,0.2219,0.00131,0.04427,,,,,-0.965
author::UCXgr7vXlRrsaskPdo097kGA,autor,@Rogergh-nw4oj,1,1,1,1,0.0526,0.0,0.2219,0.00131,0.04427,,,,,-0.627
author::UC4wq3DcbfaG6dtCqn8Oyu3w,autor,@hugoasencio7764,1,1,1,1,0.0526,0.0,0.2219,0.00131,0.04427,,,,,-0.807
author::UC5bG9nc_JV3FsNP2KseQiYw,autor,@giovannirodas4836,1,1,1,1,0.0526,0.0,0.2219,0.00131,0.04427,,,,,-0.964
author::UCXSkL3ejZ8qWYyF_M7s_QKA,autor,@JacintaTzoy,1,1,1,1,0.0526,0.0,0.2219,0.00131,0.04427,,,,,-0.966
author::UCWIZUtKJ636y-4TYrNvok0g,autor,@cesarandreas7824,1,1,1,1,0.0526,0.0,0.2219,0.00131,0.04427,,,,,-0.88
author::UCcfdg8crmMJwEuLUsAhV7yg,autor,@RolandoRaguay,1,1,1,1,0.0526,0.0,0.2219,0.00131,0.04427,,,,,-0.873
author::UC4cXueR2bKGFJV0Fk76gwmA,autor,@aluxdel4792,1,1,1,1,0.0526,0.0,0.2219,0.00131,0.04427,,,,,-0.967
author::UCfM3nrxtTQMY5jFx1v1J4Gg,autor,@edgarroldan5539,1,1,1,1,0.0526,0.0,0.2219,0.00131,0.04427,,,,,-0.859
author::UC3NMzdMYryaw82kPTnsaljg,autor,@marisosa7832,1,1,1,1,0.0526,0.0,0.2219,0.00131,0.04427,,,,,-0.881
author::UCgvw7xIdGFupzpt1Y_BFkEA,autor,@fredygarcia9151,1,1,1,1,0.0526,0.0,0.2219,0.00131,0.04427,,,,,0.595
author::UCV0iizTBoOfdAFX_thfI9BA,autor,@BenjaminLarios-jd8nk,1,1,1,1,0.0526,0.0,0.2219,0.00131,0.04427,,,,,-0.959
author::UCUIIIPTVDVHAXqhC_5V6lPA,autor,@gorrarota,1,1,1,1,0.0526,0.0,0.2219,0.00131,0.04427,,,,,-0.967
author::UCTylKrsqkrBKIqubMu_5N0Q,autor,@edwingeovanymarroquinmarro6684,1,1,1,1,0.0526,0.0,0.2219,0.00131,0.04427,,,,,0.069
author::UC3MYTqpQqlWBuCB7Th0e0PA,autor,@isaaclopez7220,1,1,1,1,0.0526,0.0,0.2219,0.00131,0.04427,,,,,0.931
author::UCTwSut16JyAg3mX6LVUNGqA,autor,@SuperVictor2005,1,1,1,1,0.0526,0.0,0.2219,0.00131,0.04427,,,,,-0.961
author::UCThW2XNsAaBKme5PUt7n-Zg,autor,@thelmamoran8565,1,1,1,1,0.0526,0.0,0.2219,0.00131,0.04427,,,,,-0.965
author::UCTP3O0rMnc8z8v8jaDQwL0w,autor,@RobertoZelaya-x1v,1,1,1,1,0.0526,0.0,0.2219,0.00131,0.04427,,,,,-0.755
author::UCZ51R_9Q9C0c8I3pAWhtmjQ,autor,@belvettzapeta1251,1,1,1,1,0.0526,0.0,0.2219,0.00131,0.04427,,,,,0.971
author::UCIgoiXdIKJyUGmUoH2Lxdzg,autor,@susievidal4134,6,3,1,1,0.0526,0.0,0.0264,0.00128,0.0,,,,,-0.867
author::UCbNanjFI51cwGqMAb2rOrBw,autor,@RosaMontesdeOca777,6,3,1,1,0.0526,0.0,0.0264,0.00128,0.0,,,,,0.761
author::UCxhtlxPV8AYWaNNyU6S9H8Q,autor,@WilR-s8r,6,3,1,1,0.0526,0.0,0.0264,0.00128,0.0,,,,,-0.404
author::UCat2qkYvqmtDNEmo2PVuhXw,autor,@DoraSalas-j5o,6,3,1,1,0.0526,0.0,0.0264,0.00128,0.0,,,,,-0.426
author::UCGZMgmM92E3njyXNe9-kjAQ,autor,@pasionpornada,6,3,1,1,0.0526,0.0,0.0264,0.00128,0.0,,,,,-0.031
author::UC1WlJfQmaIskYhP4gmWoamw,autor,@marthareiss5434,6,3,1,1,0.0526,0.0,0.0264,0.00128,0.0,,,,,-0.98
author::UCVdjCrh4tQoX3haNAZv-n5A,autor,@aurahernandez5646,6,3,1,1,0.0526,0.0,0.0264,0.00128,0.0,,,,,0.947
author::UCOLHH4ZpMxPYF-Q6e6wvn5A,autor,@luisroldan7374,6,3,1,1,0.0526,0.0,0.0264,0.00128,0.0,,,,,-0.791
author::UCozFYHN0e_-vlQbX3wQGOug,autor,@jesusguzman2321,6,3,1,1,0.0526,0.0,0.0264,0.00128,0.0,,,,,-0.955
author::UCrqXyRsg-_hTosURZ-uvoKg,autor,@flornolberto2425,6,3,1,1,0.0526,0.0,0.0264,0.00128,0.0,,,,,-0.948
author::UCQMMuADgqWUOcJpLwHOzC-g,autor,@Ripped-Yoda,6,3,1,1,0.0526,0.0,0.0264,0.00128,0.0,,,,,-0.927
author::UCPNXmbOBVeC4HS-xemvcPtQ,autor,@BelkisRodriguezRamirez,6,3,1,1,0.0526,0.0,0.0264,0.00128,0.0,,,,,-0.831
author::UCZjm6U576nX8WOiLhmMR3bw,autor,@MariaNavarroYT,6,3,1,1,0.0526,0.0,0.0264,0.00128,0.0,,,,,-0.748
author::UCtiHFjFu7d5v2XxHnKFUYig,autor,@Paul-gf7ec,6,3,1,1,0.0526,0.0,0.0264,0.00128,0.0,,,,,-0.189
author::UCp_dAUfv8i3LW3zWc24dLaQ,autor,@MarioCortez-o6v,6,3,1,1,0.0526,0.0,0.0264,0.00128,0.0,,,,,-0.383
author::UCN2N_wYOw6fMwCeSzdXLPIw,autor,@danielantoniogonzalezflore4901,7,1,1,1,0.0526,0.0,0.1706,0.00127,0.00041,,,,,-0.965
author::UCbYoNG5J3Au5BqtbXogfEFw,autor,@Luis-gn3fj,7,1,1,1,0.0526,0.0,0.1706,0.00127,0.00041,,,,,-0.175
author::UClsrFGJKWPxxw7MiaEdKLXw,autor,@ericapaz5406,7,1,1,1,0.0526,0.0,0.1706,0.00127,0.00041,,,,,-0.885
author::UC8xlJWNHz1V_W6q3fbuQH8g,autor,@NormaLópez-v7e,7,1,1,1,0.0526,0.0,0.1706,0.00127,0.00041,,,,,0.864
author::UC1Y7x3h0c95Z8kUhi-Tzaeg,autor,@rosadiaz9235,7,1,1,1,0.0526,0.0,0.1706,0.00127,0.00041,,,,,-0.909
author::UCf5lnNZF7Qrtli9v4N_23WQ,autor,@CarlosCortez-v5r,7,1,1,1,0.0526,0.0,0.1706,0.00127,0.00041,,,,,-0.538
author::UCPZueDLrCS4BmTBRMA4q0fA,autor,@kevinochoa3695,7,1,1,1,0.0526,0.0,0.1706,0.00127,0.00041,,,,,-0.592
author::UCVQf0tzL7xRzFJsABVVULpg,autor,@DennisseLopetegi,7,1,1,1,0.0526,0.0,0.1706,0.00127,0.00041,,,,,-0.958
author::UCuP4UK33HKtJE_S39ksmaTw,autor,@herbertaguilar1387,7,1,1,1,0.0526,0.0,0.1706,0.00127,0.00041,,,,,-0.97
author::UCgQJgI9vu1FI2dnC9mrFthw,autor,@srms70,7,1,1,1,0.0526,0.0,0.1706,0.00127,0.00041,,,,,-0.879
author::UCGX_UbAQOXGZknv5iqklwTA,autor,@ronaldgarcia8522,7,1,1,1,0.0526,0.0,0.1706,0.00127,0.00041,,,,,-0.013
author::UCAV7QIjYhbDJaycQycM_0eQ,autor,@mariavail8998,7,1,1,1,0.0526,0.0,0.1706,0.00127,0.00041,,,,,-0.348
author::UCusjriFsDHEc2AOjqk-p5ig,autor,@pablobarrios7931,7,1,1,1,0.0526,0.0,0.1706,0.00127,0.00041,,,,,-0.852
author::UC-HeUTT6_g-VoiWds2a4H-w,autor,@JorgeMunoz-gd9et,4,1,1,1,0.0526,0.0,0.1326,0.00123,0.0,,,,,0.449
author::UCwxoKK59nGCeBqB2sXfDBIw,autor,@vic-bonivideos,4,1,1,1,0.0526,0.0,0.1326,0.00123,0.0,,,,,-0.958
author::UCZFQwqh90apuL8eFhvRBkUg,autor,@luisricardo9671,4,1,1,1,0.0526,0.0,0.1326,0.00123,0.0,,,,,-0.949
author::UC0HvfEWozTHbwl_iEmJNvVA,autor,@OttoPalencia-b7r,4,1,1,1,0.0526,0.0,0.1326,0.00123,0.0,,,,,-0.431
author::UC14qlobYKqD-DO0j6b75lcA,autor,@megavision4488,4,1,1,1,0.0526,0.0,0.1326,0.00123,0.0,,,,,0.159
author::UC1NiEdJ7gk6FlDexIalWnGg,autor,@BorisTebalán,4,1,1,1,0.0526,0.0,0.1326,0.00123,0.0,,,,,-0.969
author::UC3YpzAr7pcdKC7BVFEpYzog,autor,@carmenfigueroa1232,4,1,1,1,0.0526,0.0,0.1326,0.00123,0.0,,,,,-0.91
author::UC63tFvbQ_hJhGDi2nbjssjw,autor,@AbigailRodas-w2r,4,1,1,1,0.0526,0.0,0.1326,0.00123,0.0,,,,,-0.902
author::UCEHXl4VvvVpq-_4xC5tsbhg,autor,@anibalg47,4,1,1,1,0.0526,0.0,0.1326,0.00123,0.0,,,,,0.744
author::UCFybmWapGvBKcQod7cPPH9w,autor,@vitalianochavez8382,4,1,1,1,0.0526,0.0,0.1326,0.00123,0.0,,,,,0.875
author::UCRfkkatKrNtAARnXMMYBGlA,autor,@BernerSoza-mg3vx,4,1,1,1,0.0526,0.0,0.1326,0.00123,0.0,,,,,-0.762
author::UC-Iul5tDYH_oiAMXQH-KaaQ,autor,@AlbertoMancilla-p9h,4,1,1,1,0.0526,0.0,0.1326,0.00123,0.0,,,,,0.92
author::UCa36MjQLoPAmgJo-R3G8WQA,autor,@elsasalguero6914,4,1,1,1,0.0526,0.0,0.1326,0.00123,0.0,,,,,0.785
author::UCvDwJBBY1mHK70aTEYl6rsA,autor,@cristianescobedo8296,4,1,1,1,0.0526,0.0,0.1326,0.00123,0.0,,,,,0.098
author::UCaT4saRcyqCLE657Rq2hhZQ,autor,@elmilenial4064,4,1,1,1,0.0526,0.0,0.1326,0.00123,0.0,,,,,0.561
author::UCeQk-WfEA-cJRq4EKeE7TOw,autor,@franciscojuarez9223,4,1,1,1,0.0526,0.0,0.1326,0.00123,0.0,,,,,-0.967
author::UCfo_yUPzy1f1POwwZxhZ06Q,autor,@lara11roberto,4,1,1,1,0.0526,0.0,0.1326,0.00123,0.0,,,,,-0.602
author::UCgGqw4aqMdMVSGkKiMgrJRQ,autor,@pattyfigueroa5609,4,1,1,1,0.0526,0.0,0.1326,0.00123,0.0,,,,,0.871
author::UCheEJ5GZuIvV0fj-nXyVwXw,autor,@rosaoliva9389,4,1,1,1,0.0526,0.0,0.1326,0.00123,0.0,,,,,0.136
author::UChyps3dqY-VY1_wLeq-2lhw,autor,@maydamorales4395,4,1,1,1,0.0526,0.0,0.1326,0.00123,0.0,,,,,0.217
author::UCiOZX__1gahg1ypIj0_XG_w,autor,@mariogonzalezorellana8956,4,1,1,1,0.0526,0.0,0.1326,0.00123,0.0,,,,,0.081
author::UCql1n3Ey6ULMSOACjMe-fxQ,autor,@RolandoGonzalez-o7g,4,1,1,1,0.0526,0.0,0.1326,0.00123,0.0,,,,,-0.96
author::UCtsxPYw8VUsH_FfnKg-0lmw,autor,@AlejandroPérez-b6r,4,1,1,1,0.0526,0.0,0.1326,0.00123,0.0,,,,,-0.405
author::UCWvntqPQx99k_Z_skWKqNSA,autor,@AntonioChiyal-x5s,4,1,1,1,0.0526,0.0,0.1326,0.00123,0.0,,,,,0.137
