texto_original,sentimiento,confianza_sentimiento
"Es un proyecto extraordinario , vamos adelante mi guate hermosa!",POS,0.9780178666114807
Que bueno que Guatemala sea una cuidad bonita y ojalá todos los proyectos sean realidad. Se lo…,POS,0.9760560989379883
"Gracias por este video, que importante conocer este tipo de espacios.",POS,0.9743415117263794
Que indignante saber como se artan estos coches y finalmente el pueblo esta ciendo dañado,NEG,0.9859070777893066
"Ni el mismo lo cree, estos son sinverguenzas y se pasan de pija, cómo se sentirá la familia te…",NEG,0.9856871962547302
Que pena! Que la administración de Trump no ofrezca AMNISTÍA a los mexicanos u otros grupos de…,NEG,0.9829134345054626
Pregúntenle si se acuerda de la marca del vino que se toma todos los días,NEU,0.88524329662323
"Pues deberían establecer viáticos cuando los trabajos sean institucionales, eso seria más lega…",NEU,0.8850529789924622
La próxima habla de la harina de trigo.,NEU,0.8709691762924194
