limitación,evidencia_cuantitativa,consecuencia_para_la_interpretación
Cobertura de comentarios,Sólo 19 de 293 videos (6.5 %) tienen comentarios recolectados; 274 tienen cero.,"Los 274 videos sin comentarios NO son videos sin participación: son videos sin datos. Todo resultado de red describe la subred observada, no YouTube Guatemala."
Selección por consultas,"Los videos se encontraron con 21 consultas de búsqueda y tres estrategias (topic, official_gov, channel); 105 videos oficiales no aportaron ni un comentario.",La muestra no es aleatoria ni representativa. Sobrerrepresenta noticias y política (138 de 293 videos) y excluye por diseño lo que no aparece en esas consultas.
Fechas relativas,"published_time y published_text son textos como «hace 2 días», dependientes del instante de recolección.",No se puede construir una línea temporal fiable ni analizar la evolución de la conversación.
Conteos observados en el momento de recolección,view_count_text y view_count difieren en 53 de 280 videos (diferencia mediana de 4 vistas): fueron capturados en instantes distintos.,"Las visualizaciones y los «me gusta» son fotografías, no valores definitivos; los rankings son aproximados."
Ausencia de relaciones explícitas entre autores,reply_count indica cuántas respuestas recibió un comentario pero no quién las escribió; no se recolectaron los comentarios de respuesta.,"Es imposible construir una red de conversación. Toda relación autor–autor de este informe es CO-PARTICIPACIÓN derivada, nunca interacción observada."
Concentración en pocos videos,Un solo video reúne 161 de 406 comentarios (39.7 %) y un solo canal el 63.1 %.,Los promedios globales están dominados por ese contenido. Cualquier afirmación sobre «los comentarios en general» es en realidad una afirmación sobre ese video.
Sólo comentarios principales,El archivo contiene 406 comentarios de primer nivel; las respuestas anidadas no se recolectaron.,Se subestima la actividad de quienes participan sobre todo respondiendo a otros.
Sentimiento automático,"El modelo alcanza en promedio ~0.80 de confianza, pero fue entrenado con tuits, no con comentarios de YouTube guatemaltecos, y no está calibrado para ironía ni modismos locales.","Las etiquetas son una aproximación agregada útil, no un juicio fiable comentario a comentario."
Identidad de los autores,"author_channel_id identifica cuentas, no personas.","Una persona con varias cuentas aparece como varios nodos, y una cuenta compartida como uno solo."
