source,target,weight,relation
author::UC-HeUTT6_g-VoiWds2a4H-w,video::6W4u8sGEnGM,1,comento_en
author::UC-Iul5tDYH_oiAMXQH-KaaQ,video::6W4u8sGEnGM,1,comento_en
author::UC-QOpE7GOxlXcHZ8b7HbQKA,video::OkXlHx0hx-8,2,comento_en
author::UC-fiZBS5Gp1eCJd9ucgWnCg,video::j43HgwYFKfk,1,comento_en
author::UC-hfX8J5JPJ-dfuakzegMLA,video::n8iP75gIpmw,1,comento_en
author::UC-jS_kA9w-OmpupXDx156Rg,video::n8iP75gIpmw,1,comento_en
author::UC-pNP6RMFuLg_-x7Ah_0kEA,video::n8iP75gIpmw,1,comento_en
author::UC094EFEmMSdwVa8NQjjYBXg,video::b_Hkrkl3adA,1,comento_en
author::UC0HvfEWozTHbwl_iEmJNvVA,video::6W4u8sGEnGM,1,comento_en
author::UC0RpuMwkDKJYqgKHtsJRuWQ,video::lj983NWyAQY,1,comento_en
author::UC0aEyakBPqcBkVJiErfSupQ,video::lj983NWyAQY,1,comento_en
author::UC14qlobYKqD-DO0j6b75lcA,video::6W4u8sGEnGM,1,comento_en
author::UC1DpqK6vaPEkBOMNvypsKYg,video::j43HgwYFKfk,1,comento_en
author::UC1NiEdJ7gk6FlDexIalWnGg,video::6W4u8sGEnGM,1,comento_en
author::UC1WlJfQmaIskYhP4gmWoamw,video::OkXlHx0hx-8,1,comento_en
author::UC1Y7x3h0c95Z8kUhi-Tzaeg,video::PjmxCj-a9Hg,1,comento_en
author::UC1vr9aaMI2crB0NvwFHUeoQ,video::n8iP75gIpmw,1,comento_en
author::UC2Y_EHWQKevubk4vOEBBFxw,video::n8iP75gIpmw,1,comento_en
author::UC2ngpd8UBQu4gcUYy0goAtg,video::06mFNPU0aB8,1,comento_en
author::UC2weSE8rpqkGMOp6StYtVfg,video::n8iP75gIpmw,1,comento_en
author::UC32oozucwCF3q8d4m8fyOUg,video::j43HgwYFKfk,1,comento_en
author::UC3E9mAgP7VoAE5mZoAexl5g,video::n8iP75gIpmw,1,comento_en
author::UC3MYTqpQqlWBuCB7Th0e0PA,video::n8iP75gIpmw,1,comento_en
author::UC3NMzdMYryaw82kPTnsaljg,video::n8iP75gIpmw,1,comento_en
author::UC3UVO7pTbeYvZ3ILEyRDskQ,video::j43HgwYFKfk,1,comento_en
author::UC3XTwHxygNCgjndsg-UiCQA,video::n8iP75gIpmw,3,comento_en
author::UC3YpzAr7pcdKC7BVFEpYzog,video::6W4u8sGEnGM,1,comento_en
author::UC3iIU62XKUOWuqL8BqBzj9A,video::b_Hkrkl3adA,1,comento_en
author::UC3qn1yJA5PeW9rkGPatQxiw,video::n8iP75gIpmw,1,comento_en
author::UC4Avya4kmR4Q0FrfFdBozSQ,video::j43HgwYFKfk,1,comento_en
author::UC4cXueR2bKGFJV0Fk76gwmA,video::n8iP75gIpmw,1,comento_en
author::UC4kg7zuTfqQKLd2bkZrSYBA,video::is3Mk5oC19g,1,comento_en
author::UC4wq3DcbfaG6dtCqn8Oyu3w,video::n8iP75gIpmw,1,comento_en
author::UC5H8ASmMC9WrURmzeB4ySog,video::n8iP75gIpmw,5,comento_en
author::UC5PrBbmUlQolwqmiru7yZhw,video::b_Hkrkl3adA,1,comento_en
author::UC5PyGvSfFM--OVKmQ3COu6g,video::lj983NWyAQY,1,comento_en
author::UC5bG9nc_JV3FsNP2KseQiYw,video::n8iP75gIpmw,1,comento_en
author::UC5fvhAfm89JH8eDFdvc0xYw,video::lj983NWyAQY,1,comento_en
author::UC5hvEnRUzI4Kfvwnyi4QxqQ,video::j43HgwYFKfk,1,comento_en
author::UC5wuDq3U3vRAhOQI3D7gNdw,video::ndAZjHqzzT8,1,comento_en
author::UC63tFvbQ_hJhGDi2nbjssjw,video::6W4u8sGEnGM,1,comento_en
author::UC650pRT-OYzny3GwOH8Cgfw,video::n8iP75gIpmw,1,comento_en
author::UC6PvO1_k5lHKGdAPo5_C6TA,video::n8iP75gIpmw,1,comento_en
author::UC6Uj1FT5JjDSF8vudvDxPAA,video::j43HgwYFKfk,1,comento_en
author::UC6YSZqL0vEcI-niPKIMUGfw,video::n8iP75gIpmw,1,comento_en
author::UC6xI_MOaxajIWpoP8BH6E_Q,video::s0eco-BofOs,1,comento_en
author::UC72gBAtyb_VXQlYDcFrh6oQ,video::n8iP75gIpmw,3,comento_en
author::UC7IMsCxfZyWN7YQo8-JYa6Q,video::PjmxCj-a9Hg,2,comento_en
author::UC7VUuJr9cGh845CmTvf7TlQ,video::n8iP75gIpmw,1,comento_en
author::UC7dadZG7kkGYnsNu6td0FbA,video::j43HgwYFKfk,1,comento_en
author::UC816IGbFCZinfYS1LRDaaHg,video::j43HgwYFKfk,1,comento_en
author::UC8F2V63KZ4ZEay6opX2hAQw,video::n8iP75gIpmw,1,comento_en
author::UC8G5cJONY8L9voMyBW8Eoug,video::n8iP75gIpmw,1,comento_en
author::UC8r11yOugM2NuRfitQOxLLg,video::n8iP75gIpmw,1,comento_en
author::UC8xlJWNHz1V_W6q3fbuQH8g,video::PjmxCj-a9Hg,1,comento_en
author::UC95PSMouTx2N5CbSq0hIyrQ,video::j43HgwYFKfk,1,comento_en
author::UC9Wp6vL5oCU37qC3Aj94WZA,video::b_Hkrkl3adA,1,comento_en
author::UC9vMq1YF-e7C-VO0SHkbUTA,video::n8iP75gIpmw,4,comento_en
author::UC9xr9QvIcDvoZNUX5f-jaZw,video::n8iP75gIpmw,1,comento_en
author::UCA93ym2TXs_Ibyxb4Vcn-6Q,video::n8iP75gIpmw,1,comento_en
author::UCAKuKvcbfnBD3kF5njNu-IA,video::j43HgwYFKfk,1,comento_en
author::UCAV7QIjYhbDJaycQycM_0eQ,video::PjmxCj-a9Hg,1,comento_en
author::UCAlzM_N6xBlMYmM8EBzX86Q,video::n8iP75gIpmw,1,comento_en
author::UCAmtbUiIrUIhikru0ZoTFig,video::n8iP75gIpmw,1,comento_en
author::UCAxvOOHQk7dYPOajzFEVtbA,video::06mFNPU0aB8,2,comento_en
author::UCB5p8a5gklc80jJItP6xTHg,video::n8iP75gIpmw,1,comento_en
author::UCBlm80VQ4YoV3bUJR_XhkaQ,video::OkXlHx0hx-8,2,comento_en
author::UCBtB5dIyx-C16UN8ClUD2UA,video::is3Mk5oC19g,1,comento_en
author::UCCBYcToQ2dwkd6TJh0FSyDg,video::j43HgwYFKfk,1,comento_en
author::UCCUmP4PlbwgikVFpYwbtRTg,video::yLZS3JiEBg8,1,comento_en
author::UCCaYwkkbQGcvFoUmothVdQQ,video::n8iP75gIpmw,1,comento_en
author::UCDIMztpVm7G27qBuiWuT6oQ,video::n8iP75gIpmw,1,comento_en
author::UCDPWkUX3sNNaCx-m1dV4glA,video::n8iP75gIpmw,1,comento_en
author::UCDQaQv0hr2SS_PO-CMEwVHg,video::n8iP75gIpmw,1,comento_en
author::UCDUffaruH6dyUnUGwsTKpgg,video::n8iP75gIpmw,1,comento_en
author::UCDftMWXQoJ6nONfY7GVOVjg,video::n8iP75gIpmw,1,comento_en
author::UCDlr1VadSucIZgZ171pRBjQ,video::n8iP75gIpmw,1,comento_en
author::UCDrmf9y9nLgFY5wnA2hTuGA,video::j43HgwYFKfk,1,comento_en
author::UCEHXl4VvvVpq-_4xC5tsbhg,video::6W4u8sGEnGM,1,comento_en
author::UCEgEQmRbtL5fwr9_DqAC--g,video::n8iP75gIpmw,1,comento_en
author::UCErZPJpHmLCsXs8ZWkAUupQ,video::n8iP75gIpmw,1,comento_en
author::UCFFrEmn6lPYiWyElpfzTy5Q,video::is3Mk5oC19g,1,comento_en
author::UCFOxCyF926Y9eHhMeVoWLzw,video::lj983NWyAQY,1,comento_en
author::UCFUuDARXdmmIrLppEqf-rFg,video::n8iP75gIpmw,1,comento_en
author::UCFhxtoeARHPnXXPcDrOU3Xg,video::n8iP75gIpmw,1,comento_en
author::UCFjudnPLoaSL1BaRuLahyHg,video::n8iP75gIpmw,3,comento_en
author::UCFoIAE8k82D6AV-8gjjKaNg,video::n8iP75gIpmw,1,comento_en
author::UCFxE8GbokBrBsPEKM1xrOjQ,video::n8iP75gIpmw,1,comento_en
author::UCFybmWapGvBKcQod7cPPH9w,video::6W4u8sGEnGM,1,comento_en
author::UCGGHbtfbbe0o68etrOf0qxw,video::j43HgwYFKfk,1,comento_en
author::UCGX_UbAQOXGZknv5iqklwTA,video::PjmxCj-a9Hg,1,comento_en
author::UCGZMgmM92E3njyXNe9-kjAQ,video::OkXlHx0hx-8,1,comento_en
author::UCGj2v6Gl5bN8NSrzJMXS-CA,video::WIUZtitfLRw,1,comento_en
author::UCGm3gRBEHGRJYmtCryZLtDw,video::b_Hkrkl3adA,1,comento_en
author::UCGqKxQS-z3NZzZF-2w338AA,video::lj983NWyAQY,1,comento_en
author::UCGzXwyCzMzGmjmCbH3Hg01Q,video::n8iP75gIpmw,1,comento_en
author::UCHGd14aYuZZShLD73dkk6mg,video::JkpVO1hx2f8,1,comento_en
author::UCHMQ_lDhibZ-XZ_3fo6oxwg,video::lj983NWyAQY,1,comento_en
author::UCHTGCgY2l-DQJIvlA_cpa_Q,video::PjmxCj-a9Hg,1,comento_en
author::UCHTGCgY2l-DQJIvlA_cpa_Q,video::n8iP75gIpmw,2,comento_en
author::UCHbwIx9pmQuf7i-4_xO2EpA,video::j43HgwYFKfk,1,comento_en
author::UCHhHUjaMAZ8SiXdCUCj9DkQ,video::n8iP75gIpmw,2,comento_en
author::UCHu8x4MVkayU6VgwVKd--MQ,video::b_Hkrkl3adA,1,comento_en
author::UCIUhbSCy3-SGRe5UtqM4fzQ,video::lj983NWyAQY,1,comento_en
author::UCIXLDYqR_syskKRJy_x9W9Q,video::06mFNPU0aB8,1,comento_en
author::UCIgoiXdIKJyUGmUoH2Lxdzg,video::OkXlHx0hx-8,1,comento_en
author::UCIp19h9igblA2YKfSLPDAug,video::lj983NWyAQY,1,comento_en
author::UCJp3OrVYcBorC94sKwdch_A,video::ndAZjHqzzT8,1,comento_en
author::UCJxJC56BSAX-ArD0NAb9qnQ,video::3Nfp9h5avBI,1,comento_en
author::UCKDR0f2fu2UzWL8mBv5-BHw,video::n8iP75gIpmw,1,comento_en
author::UCKVzDUqbtdSMBcexaEtMmzQ,video::TT4qJ5FXHYE,1,comento_en
author::UCL13XhnRzbGokEkCkEOb0-g,video::n8iP75gIpmw,2,comento_en
author::UCL1MT278vSaQ83ZDkVWn1gw,video::n8iP75gIpmw,1,comento_en
author::UCLFdHr9BEbXHkoJopbEPLZw,video::n8iP75gIpmw,2,comento_en
author::UCLXYp1Cvc5DLtq5UQL5D9vw,video::06mFNPU0aB8,1,comento_en
author::UCLggDc_a5HriXv7I1h02sOA,video::n8iP75gIpmw,2,comento_en
author::UCLh1Kde4_vI1sTZBkTNP7RQ,video::is3Mk5oC19g,1,comento_en
author::UCN2N_wYOw6fMwCeSzdXLPIw,video::PjmxCj-a9Hg,1,comento_en
author::UCN6qbfPSzFtjhqUDZ3Cv3CQ,video::n8iP75gIpmw,1,comento_en
author::UCNBnKqWf4d-rS4HwJRQljmQ,video::n8iP75gIpmw,2,comento_en
author::UCNIeXbV_mEwpa412h1aqUWw,video::PjmxCj-a9Hg,3,comento_en
author::UCNiMNUJvaRJb0_QLClqwVnA,video::TT4qJ5FXHYE,1,comento_en
author::UCNkcuy42zEwddwEcOd_HpnA,video::n8iP75gIpmw,1,comento_en
author::UCNpt5CQlTzNjlAKY6CJtClQ,video::j43HgwYFKfk,1,comento_en
author::UCO0zwwLWGyDgQmWPJ5Qrr1w,video::06mFNPU0aB8,1,comento_en
author::UCOARn3hnfkB7-_Rwa8Hoqcw,video::WIUZtitfLRw,1,comento_en
author::UCOLGv5Pf6BF2wFcwUzgcvHg,video::n8iP75gIpmw,2,comento_en
author::UCOLHH4ZpMxPYF-Q6e6wvn5A,video::OkXlHx0hx-8,1,comento_en
author::UCOS8ViEkccrTZx2w2ccxotA,video::n8iP75gIpmw,1,comento_en
author::UCOY3XpD9qMCRSA8AA8c4CAw,video::yLZS3JiEBg8,1,comento_en
author::UCOcUI5XkTYNMSFhZNMIPpGg,video::j43HgwYFKfk,1,comento_en
author::UCOh6DaZC_x9HASnlRylEMfw,video::n8iP75gIpmw,1,comento_en
author::UCPLW0HE3siElqCgXfgWxMqg,video::X_FAIef8qlE,1,comento_en
author::UCPNXmbOBVeC4HS-xemvcPtQ,video::OkXlHx0hx-8,1,comento_en
author::UCPZueDLrCS4BmTBRMA4q0fA,video::PjmxCj-a9Hg,1,comento_en
author::UCQIdKuZ-OzuFqy0KjGrgesg,video::JkpVO1hx2f8,1,comento_en
author::UCQM2tCKRRytVDRxNUfCDqQQ,video::zweosulrwA8,1,comento_en
author::UCQMMuADgqWUOcJpLwHOzC-g,video::OkXlHx0hx-8,1,comento_en
author::UCQ_-LPP8JAbfkc-b1Q6NvWw,video::n8iP75gIpmw,2,comento_en
author::UCQgYjVngJRfPHDLGB5X6ZjA,video::n8iP75gIpmw,1,comento_en
author::UCQqetiwzzmRNTM5OWuXarGQ,video::n8iP75gIpmw,1,comento_en
author::UCQqlPPUGqAfWjd-FSh_qn7Q,video::j43HgwYFKfk,1,comento_en
author::UCQtICyzWmhC5woCtbNgaSmg,video::n8iP75gIpmw,2,comento_en
author::UCQtSFINs1h6GHkpg9o5kMvg,video::n8iP75gIpmw,1,comento_en
author::UCQyOePccUP-fIJYzchAgZYw,video::j43HgwYFKfk,1,comento_en
author::UCRAquv8el-tQ30bN7MlmySQ,video::j43HgwYFKfk,1,comento_en
author::UCRETAiYdh2dL5ZxB0_N1zDA,video::n8iP75gIpmw,1,comento_en
author::UCRcSR3Lvn9DZAmJpVPANfZQ,video::lj983NWyAQY,1,comento_en
author::UCRelkU8JiZBytTzebJxaa-w,video::n8iP75gIpmw,1,comento_en
author::UCRfkkatKrNtAARnXMMYBGlA,video::6W4u8sGEnGM,1,comento_en
author::UCRlCV9zSn7avAWh-9_XFWqQ,video::n8iP75gIpmw,1,comento_en
author::UCRvPToDkkumha7WJAfCDk1A,video::j43HgwYFKfk,1,comento_en
author::UCRznz9-N3Qc1w-qNdLSIY2Q,video::lj983NWyAQY,1,comento_en
author::UCSTAUWVc1_82DHYeqOsqEFA,video::lj983NWyAQY,1,comento_en
author::UCSou6a2OuYGSvPjm5psquyA,video::n8iP75gIpmw,1,comento_en
author::UCTD6q1nyIe3Y7HhqjaMj72w,video::n8iP75gIpmw,1,comento_en
author::UCTP3O0rMnc8z8v8jaDQwL0w,video::n8iP75gIpmw,1,comento_en
author::UCTTILH6QCIxbTnEWxwRqs1g,video::yLZS3JiEBg8,1,comento_en
author::UCThW2XNsAaBKme5PUt7n-Zg,video::n8iP75gIpmw,1,comento_en
author::UCTwSut16JyAg3mX6LVUNGqA,video::n8iP75gIpmw,1,comento_en
author::UCTylKrsqkrBKIqubMu_5N0Q,video::n8iP75gIpmw,1,comento_en
author::UCUIIIPTVDVHAXqhC_5V6lPA,video::n8iP75gIpmw,1,comento_en
author::UCUoYsrx1oZnCZ0usbBJn4fA,video::j43HgwYFKfk,1,comento_en
author::UCV0iizTBoOfdAFX_thfI9BA,video::n8iP75gIpmw,1,comento_en
author::UCV0lM03g5fg5pbPj97-sAtA,video::j43HgwYFKfk,1,comento_en
author::UCV3fr-YOixFKCZBbJP1-X4w,video::6W4u8sGEnGM,5,comento_en
author::UCVC2QugcI1G4RvlCiUqd1aQ,video::ndAZjHqzzT8,2,comento_en
author::UCVQf0tzL7xRzFJsABVVULpg,video::PjmxCj-a9Hg,1,comento_en
author::UCVdjCrh4tQoX3haNAZv-n5A,video::OkXlHx0hx-8,1,comento_en
author::UCVhif9eV0f8plICen2DnpKA,video::WIUZtitfLRw,1,comento_en
author::UCW-JC6lebVmf2P1dmY_L94g,video::j43HgwYFKfk,1,comento_en
author::UCW80DaMjQlEUibC98Cot-Dg,video::j43HgwYFKfk,1,comento_en
author::UCWIZUtKJ636y-4TYrNvok0g,video::n8iP75gIpmw,1,comento_en
author::UCWWkebAekppaL5b5CNlppuw,video::JkpVO1hx2f8,1,comento_en
author::UCWaRixDdpgllTBf4V0jPnKQ,video::6W4u8sGEnGM,2,comento_en
author::UCWoAVGVqCn4xtINCMOTM4jg,video::j43HgwYFKfk,1,comento_en
author::UCWvntqPQx99k_Z_skWKqNSA,video::6W4u8sGEnGM,1,comento_en
author::UCXN2s7DwTJm33xO-pNkAdaA,video::06mFNPU0aB8,1,comento_en
author::UCXO1BBohNWXkK9SBDAG2ySg,video::yLZS3JiEBg8,1,comento_en
author::UCXSkL3ejZ8qWYyF_M7s_QKA,video::n8iP75gIpmw,1,comento_en
author::UCXVLc8CmAO813ubM-fLvCDw,video::yLZS3JiEBg8,1,comento_en
author::UCXXh7yg5KUFIWylTiKVEFKQ,video::n8iP75gIpmw,2,comento_en
author::UCXgr7vXlRrsaskPdo097kGA,video::n8iP75gIpmw,1,comento_en
author::UCXl30Y_upRqbti52fmjK4YA,video::yLZS3JiEBg8,1,comento_en
author::UCXmrpc6Li0spcKxtS0Q_ptg,video::lj983NWyAQY,1,comento_en
author::UCXr8_5WtGeipe4haOoQDgyQ,video::n8iP75gIpmw,1,comento_en
author::UCY7Hq7F9Lnucf-Yr6JkHZNw,video::lj983NWyAQY,1,comento_en
author::UCYN4wSQ1Sx4_LurxLlW7MPg,video::n8iP75gIpmw,1,comento_en
author::UCYwpX26TrCxq8TvbKGRYLXA,video::n8iP75gIpmw,1,comento_en
author::UCZ51R_9Q9C0c8I3pAWhtmjQ,video::n8iP75gIpmw,1,comento_en
author::UCZFQwqh90apuL8eFhvRBkUg,video::6W4u8sGEnGM,1,comento_en
author::UCZIQnb1fkwe39Iw2TAu-bGA,video::WIUZtitfLRw,1,comento_en
author::UCZLG9qH0tUjNhEGFIUt0CYw,video::n8iP75gIpmw,1,comento_en
author::UCZOmq6MwFDVoCaEl99BRRaw,video::ndAZjHqzzT8,1,comento_en
author::UCZeIIQrGAedW8tCbKWmGY-A,video::j43HgwYFKfk,1,comento_en
author::UCZjm6U576nX8WOiLhmMR3bw,video::OkXlHx0hx-8,1,comento_en
author::UC_3xuTXvMIWU5MYP9HkJ3vQ,video::06mFNPU0aB8,1,comento_en
author::UC_6KbBY1bsYXz9fwFS0eQRg,video::ndAZjHqzzT8,1,comento_en
author::UC_LYoGs5C3mbZKZuKuqYCvw,video::j43HgwYFKfk,1,comento_en
author::UC_NRVt2UP88ZNTwzrZ66JSg,video::UhL9y3KUl8E,1,comento_en
author::UC_ljZ1hZXR9pzexFz87P5ZA,video::lj983NWyAQY,1,comento_en
author::UCa36MjQLoPAmgJo-R3G8WQA,video::6W4u8sGEnGM,1,comento_en
author::UCaKAjTW9MVub_clgr4DRYjQ,video::j43HgwYFKfk,1,comento_en
author::UCaT4saRcyqCLE657Rq2hhZQ,video::6W4u8sGEnGM,1,comento_en
author::UCaT6M2zp7X6r6Whd8Vv3kHQ,video::lj983NWyAQY,1,comento_en
author::UCat2qkYvqmtDNEmo2PVuhXw,video::OkXlHx0hx-8,1,comento_en
author::UCbNanjFI51cwGqMAb2rOrBw,video::OkXlHx0hx-8,1,comento_en
author::UCbYoNG5J3Au5BqtbXogfEFw,video::PjmxCj-a9Hg,1,comento_en
author::UCbrtvygfRT6QXqWDNrOf-cA,video::ndAZjHqzzT8,1,comento_en
author::UCbrtvygfRT6QXqWDNrOf-cA,video::yLZS3JiEBg8,1,comento_en
author::UCcFIBN-rtC3d3hXeuN5TfWw,video::yLZS3JiEBg8,1,comento_en
author::UCc_F88PzGWtA1OPNUEASulA,video::yLZS3JiEBg8,1,comento_en
author::UCcfdg8crmMJwEuLUsAhV7yg,video::n8iP75gIpmw,1,comento_en
author::UCdFlugHJJa4l3YqWuNRmvXw,video::is3Mk5oC19g,1,comento_en
author::UCdFlugHJJa4l3YqWuNRmvXw,video::j43HgwYFKfk,1,comento_en
author::UCdQAuWwyC99MB7Y02Umj26Q,video::yLZS3JiEBg8,1,comento_en
author::UCe8JZoYkX5oKUZyivHYdXhw,video::j43HgwYFKfk,1,comento_en
author::UCeDNEtI8_a42bZ47wJiJMwQ,video::j43HgwYFKfk,1,comento_en
author::UCeQk-WfEA-cJRq4EKeE7TOw,video::6W4u8sGEnGM,1,comento_en
author::UCefAH1MbvADWUjE9WVcB9EQ,video::yLZS3JiEBg8,1,comento_en
author::UCf5lnNZF7Qrtli9v4N_23WQ,video::PjmxCj-a9Hg,1,comento_en
author::UCfM3nrxtTQMY5jFx1v1J4Gg,video::n8iP75gIpmw,1,comento_en
author::UCfRqgt2O-vjzUDMZY_tnxQw,video::is3Mk5oC19g,1,comento_en
author::UCfXykdbSU97rj987LDUGfvg,video::06mFNPU0aB8,1,comento_en
author::UCfjhejO7LZy4doXURa7LZCQ,video::06mFNPU0aB8,1,comento_en
author::UCfo_yUPzy1f1POwwZxhZ06Q,video::6W4u8sGEnGM,1,comento_en
author::UCg3eIfd7BrsLEqS0BLkftHA,video::PjmxCj-a9Hg,3,comento_en
author::UCgGqw4aqMdMVSGkKiMgrJRQ,video::6W4u8sGEnGM,1,comento_en
author::UCgJNFj5dnxXpcMvmuhZDPxA,video::j43HgwYFKfk,1,comento_en
author::UCgLrWFdYitoP-b7-PxtUr-w,video::lj983NWyAQY,1,comento_en
author::UCgLurCo-e019HGODcjXHWCw,video::lj983NWyAQY,1,comento_en
author::UCgQJgI9vu1FI2dnC9mrFthw,video::PjmxCj-a9Hg,1,comento_en
author::UCgQw_Sbq3ugruDUKsq1e0-A,video::j43HgwYFKfk,1,comento_en
author::UCgvw7xIdGFupzpt1Y_BFkEA,video::n8iP75gIpmw,1,comento_en
author::UCh5ESQvtzyHDhCA7XyekCFA,video::n8iP75gIpmw,3,comento_en
author::UChT7pzGytNd92Nmvi-zuWog,video::yLZS3JiEBg8,1,comento_en
author::UChZknRmJkeGeQk0-mQuhDOg,video::n8iP75gIpmw,1,comento_en
author::UCheEJ5GZuIvV0fj-nXyVwXw,video::6W4u8sGEnGM,1,comento_en
author::UChep9kVb5gQmpodEEl10Xlg,video::n8iP75gIpmw,1,comento_en
author::UChgkn5Jt5tWKYMoEOuCjz3Q,video::n8iP75gIpmw,1,comento_en
author::UChs3tU2BcKOT0CezykvAsGw,video::n8iP75gIpmw,3,comento_en
author::UChyps3dqY-VY1_wLeq-2lhw,video::6W4u8sGEnGM,1,comento_en
author::UCi-vPdnpQreC7BkFs40mJGA,video::lj983NWyAQY,1,comento_en
author::UCi1b_TRQfgO1Z9O2gNGGWNA,video::n8iP75gIpmw,2,comento_en
author::UCi2KiZq63sRq8Mfbcp-MelQ,video::OkXlHx0hx-8,6,comento_en
author::UCiC-Jn7wdgyQV4_Urk0DkWQ,video::j43HgwYFKfk,1,comento_en
author::UCiGRBf2RNF0WRKhRVT7zFoA,video::n8iP75gIpmw,1,comento_en
author::UCiMythXHsw7eQEMykCdmMUA,video::n8iP75gIpmw,1,comento_en
author::UCiOZX__1gahg1ypIj0_XG_w,video::6W4u8sGEnGM,1,comento_en
author::UCipetjeiWj4CZB6EbyYziZg,video::n8iP75gIpmw,1,comento_en
author::UCj-LL25XJnjxepPKCc3NGog,video::n8iP75gIpmw,1,comento_en
author::UCjJf-AJKRFFWtiN-CSwkDmA,video::ndAZjHqzzT8,1,comento_en
author::UCjSKM9j0Q7HLDr1hD6D-TUw,video::n8iP75gIpmw,1,comento_en
author::UCjZgFEowMBrsjodqfovzdKw,video::06mFNPU0aB8,1,comento_en
author::UCjZgFEowMBrsjodqfovzdKw,video::6W4u8sGEnGM,1,comento_en
author::UCjmPuazZJzscrwvk0QR9RVw,video::n8iP75gIpmw,1,comento_en
author::UCk4O-J1BhoqPmig1KLGJePA,video::is3Mk5oC19g,1,comento_en
author::UCkVtmkK07b2zaVVNssX4lOg,video::j43HgwYFKfk,1,comento_en
author::UCkbsS_3D-pvg1iHOld9uvIg,video::j43HgwYFKfk,1,comento_en
author::UCkd9W714-947dEE6ZOEBATA,video::n8iP75gIpmw,2,comento_en
author::UCkxdJ_yGN2gghOMo2ybQtXQ,video::yLZS3JiEBg8,1,comento_en
author::UCl0ekS9Tt0jJGtOEM18S63w,video::n8iP75gIpmw,1,comento_en
author::UCld2stqxaVSk0QdGncM224A,video::TT4qJ5FXHYE,1,comento_en
author::UClhMWQ7XKWywYvbRnuf8QsA,video::j43HgwYFKfk,1,comento_en
author::UCljDbleJul41G1TzOjOZAVA,video::n8iP75gIpmw,1,comento_en
author::UClqA491Xa5fQcXcJJa-vTWw,video::j43HgwYFKfk,1,comento_en
author::UClsrFGJKWPxxw7MiaEdKLXw,video::PjmxCj-a9Hg,1,comento_en
author::UCmjppp6ujz3SAnULvP3sZMw,video::n8iP75gIpmw,1,comento_en
author::UCmvOgzmmXbjUthHy-WJ52hQ,video::n8iP75gIpmw,1,comento_en
author::UCnU8wO1OurAmGstDw6VGjgQ,video::ndAZjHqzzT8,1,comento_en
author::UCoGdCoJg2Lh0OX_jv6cG16g,video::6W4u8sGEnGM,2,comento_en
author::UColMq7LmaoY3MT6aIDGrGvA,video::j43HgwYFKfk,1,comento_en
author::UCozFYHN0e_-vlQbX3wQGOug,video::OkXlHx0hx-8,1,comento_en
author::UCp29O_C7cchZV8IxV7Crdag,video::6W4u8sGEnGM,2,comento_en
author::UCp4iw5_5SmV9VGTFSNVGOmQ,video::n8iP75gIpmw,1,comento_en
author::UCpIdtvoFHVLGASGB5ySqIEA,video::n8iP75gIpmw,1,comento_en
author::UCp_dAUfv8i3LW3zWc24dLaQ,video::OkXlHx0hx-8,1,comento_en
author::UCpe5jW3MIqkgTJ-PgkzvM6Q,video::j43HgwYFKfk,1,comento_en
author::UCpl8rF8uv_8uui-QRvuJaRA,video::n8iP75gIpmw,1,comento_en
author::UCplrIQtaPj6au60_f2-mOYw,video::n8iP75gIpmw,1,comento_en
author::UCpsKOkt5iWTbenzeuq7dsmQ,video::j43HgwYFKfk,1,comento_en
author::UCpsKOkt5iWTbenzeuq7dsmQ,video::n8iP75gIpmw,1,comento_en
author::UCpsKOkt5iWTbenzeuq7dsmQ,video::ndAZjHqzzT8,1,comento_en
author::UCq3mDTTRZnUybct5M9OSXbg,video::06mFNPU0aB8,1,comento_en
author::UCqCrvuoJpC-aVb0f4logQRQ,video::j43HgwYFKfk,1,comento_en
author::UCqilIa8r7iek5sGYg_q6ofA,video::lj983NWyAQY,1,comento_en
author::UCql1n3Ey6ULMSOACjMe-fxQ,video::6W4u8sGEnGM,1,comento_en
author::UCr1emrogPKkKTs_WTtx71xg,video::n8iP75gIpmw,1,comento_en
author::UCrJn_rbo_ENAdeqneS-RmRw,video::n8iP75gIpmw,2,comento_en
author::UCrqXyRsg-_hTosURZ-uvoKg,video::OkXlHx0hx-8,1,comento_en
author::UCsGoJEvb-cFPZ2rWoJcXzEQ,video::j43HgwYFKfk,1,comento_en
author::UCsJJAvrVGupdmhOqgtDp8dg,video::n8iP75gIpmw,1,comento_en
author::UCsSXdJct-nsS8DsABoEsaYA,video::n8iP75gIpmw,1,comento_en
author::UCsUCN0Yq_UyTvKjOJLmNrnQ,video::b_Hkrkl3adA,1,comento_en
author::UCsUCN0Yq_UyTvKjOJLmNrnQ,video::n8iP75gIpmw,1,comento_en
author::UCs_5qeqdku9tGAq22y3OcuQ,video::lj983NWyAQY,1,comento_en
author::UCsjs5Hp_r86x1xbK6FAeqaA,video::n8iP75gIpmw,1,comento_en
author::UCtCtts20bW6F9CSohau51Iw,video::6W4u8sGEnGM,2,comento_en
author::UCtMBF_1O2jY2INlb_luuB_A,video::lj983NWyAQY,1,comento_en
author::UCtNfIBnc5S5DbbQj_yxgJTw,video::n8iP75gIpmw,1,comento_en
author::UCtNyHmRZtvGF2hSvI2dUBWw,video::PjmxCj-a9Hg,2,comento_en
author::UCtUR3_CAiE7fCoZHM6cMfyQ,video::n8iP75gIpmw,1,comento_en
author::UCtiHFjFu7d5v2XxHnKFUYig,video::OkXlHx0hx-8,1,comento_en
author::UCtowGNY2lnlg6O2CkwDgkLg,video::TT4qJ5FXHYE,1,comento_en
author::UCtsxPYw8VUsH_FfnKg-0lmw,video::6W4u8sGEnGM,1,comento_en
author::UCu8_3-Wg-YzNyvHYQDEscfw,video::j43HgwYFKfk,1,comento_en
author::UCuP4UK33HKtJE_S39ksmaTw,video::PjmxCj-a9Hg,1,comento_en
author::UCuXmOjxC-htcprLgeVXz6Tg,video::j43HgwYFKfk,1,comento_en
author::UCueV9cTyTDwgQSec1x2dYgA,video::n8iP75gIpmw,1,comento_en
author::UCujPF2nBgsTD62nWE3lcpIg,video::n8iP75gIpmw,1,comento_en
author::UCusjriFsDHEc2AOjqk-p5ig,video::PjmxCj-a9Hg,1,comento_en
author::UCut6b9S98nv84cVX89PmKzA,video::n8iP75gIpmw,2,comento_en
author::UCvApqeCbLod-wejtT4CcVuA,video::n8iP75gIpmw,1,comento_en
author::UCvDwJBBY1mHK70aTEYl6rsA,video::6W4u8sGEnGM,1,comento_en
author::UCvcu1kR8xMYy_I1Ty-2mV2Q,video::WIUZtitfLRw,1,comento_en
author::UCvcu1kR8xMYy_I1Ty-2mV2Q,video::ndAZjHqzzT8,2,comento_en
author::UCvcu1kR8xMYy_I1Ty-2mV2Q,video::yLZS3JiEBg8,1,comento_en
author::UCvl1tzQeBeGy6efPTRJXSCw,video::06mFNPU0aB8,1,comento_en
author::UCwCfs-2zbD5k0lG-UVg_JBw,video::06mFNPU0aB8,1,comento_en
author::UCwEe1RKlEv1UpNWmWYfSh4w,video::yLZS3JiEBg8,1,comento_en
author::UCwO2SXr0ggzwg6QWWrr01nQ,video::n8iP75gIpmw,1,comento_en
author::UCwUAv3_LpWVtTIi7lkmTL7A,video::lj983NWyAQY,1,comento_en
author::UCwW2OFy95P7ZBkOPxWkpvYg,video::n8iP75gIpmw,2,comento_en
author::UCwgCc9Jd_gG-uLE_SY-FfPg,video::j43HgwYFKfk,1,comento_en
author::UCwha8rxULYMVtNwZWeSkE1A,video::n8iP75gIpmw,1,comento_en
author::UCwjUvRseNtJoItylIyIez7Q,video::j43HgwYFKfk,1,comento_en
author::UCwxoKK59nGCeBqB2sXfDBIw,video::6W4u8sGEnGM,1,comento_en
author::UCxKR3RA8T-kxMgq_2WWhRcQ,video::lj983NWyAQY,1,comento_en
author::UCxcoDvP-g2_KTZDmVZtvb3w,video::yLZS3JiEBg8,1,comento_en
author::UCxff05WuyvwELNITi7bj7UA,video::n8iP75gIpmw,1,comento_en
author::UCxhtlxPV8AYWaNNyU6S9H8Q,video::OkXlHx0hx-8,1,comento_en
author::UCyJhqmMbsvjpoarBBStA2kg,video::6W4u8sGEnGM,6,comento_en
author::UCySYJU5kUh7X8gVt9la2ISA,video::n8iP75gIpmw,1,comento_en
author::UCyW68EGZey4ao_Vf2cR5Ztg,video::WIUZtitfLRw,1,comento_en
author::UCylqlpsh8ENNM1LqgQ1KbxA,video::j43HgwYFKfk,2,comento_en
author::UCylqlpsh8ENNM1LqgQ1KbxA,video::n8iP75gIpmw,1,comento_en
author::UCyor0Mmm0ivLX2jIdyGp84Q,video::3Nfp9h5avBI,1,comento_en
author::UCyzf29IYjNw67gGIfsjgtxA,video::lj983NWyAQY,1,comento_en
author::UCz3gu01bmjNv0DpRq-K3XYg,video::n8iP75gIpmw,2,comento_en
author::UCzSfZlOVxBSs5ObD25ywxDQ,video::n8iP75gIpmw,1,comento_en
author::UCzZ6dDCEsLMXbc5pCFXIprw,video::6W4u8sGEnGM,1,comento_en
author::UCzZ6dDCEsLMXbc5pCFXIprw,video::PjmxCj-a9Hg,1,comento_en
author::UCzoL2l5H5eVlorWGH8AZfAg,video::n8iP75gIpmw,1,comento_en
